"date","code","status","sex","back","center","front","side","front.bin","meanRank","meanPositionRanked","totalDist","secs","avgSpeed","distPerSec","status2","dob","ageDays","groupRef","weightDiff","zWeightID","zWeightGroup","session"
2017-08-07,"VCVM001","DominantM","M",0.246649329865973,0.360572114422885,0.128325665133027,0.264452890578116,0.471994398879776,-0.0054751965980978,-0.6,1917.74936825968,9995,0.12243994703602,0.191870872262099,"DominantM","2011-12-21",2056,134,-3,-0.530938994021545,-0.216062112609045,"hm17"
2017-08-07,"VHMM002","Yearling","M",0.276704374812294,0.303133446791471,0.211432575833417,0.208729602562819,0.47702472719992,-0.00393492721454157,-1,1726.82523766688,9984,0.11746673261236,0.172959258580417,"Subordinate","2016-10-27",284,134,14,-0.0549311265858101,0.514371037624805,"hm17"
2017-08-07,"VHMM006","Sub-Adult","M",0.0985394157663065,0.638155262104842,0.0670268107242897,0.196278511404562,0.515506202480992,0.16695608759734,-0.2,1946.75094310804,9995,0.124913484780774,0.194772480551079,"Juvenile","2016-12-28",222,134,4,-0.839597537427963,-0.689698049387714,"hm17"
2017-08-07,"VHMM007","Sub-Adult","M",0.0339645326119627,0.684300170323615,0.132451658150486,0.149283638913936,0.699829676385132,0.382004334246916,0.6,2115.21202964229,9977,0.127229591272189,0.212008823257721,"Juvenile","2016-12-28",222,134,-5,-0.902630487663725,-0.786421989387418,"hm17"
2017-08-07,"VLF206","DominantF","F",0.127435492364402,0.35724065297525,0.24044233807267,0.274881516587678,0.726171669299631,0.384367997753618,1,990.573192535324,9451,0.0784218306925436,0.104811468895918,"DominantF","2013-08-21",1447,134,-2,-0.79121605119758,-0.615456752514558,"hm17"
2017-08-08,"VCVM001","DominantM","M",0.511717932621887,0.267210713538397,0.0382925298179535,0.182778824021762,0.193032015065913,-0.547705323814058,-1,1383.8411725473,9552,0.088642754244601,0.144874494613411,"DominantM","2011-12-21",2057,134,-17,-1.96071172304223,-1.29377467893048,"hm17"
2017-08-08,"VHMM002","Yearling","M",0.0770517511761631,0.206272869837951,0.253319393622582,0.463355985363304,0.635859905906952,0.401567223613303,0.5,1903.95134607977,9562,0.123444012343408,0.199116434436286,"Subordinate","2016-10-27",285,134,3,-1.56351131351662,0.597876753451298,"hm17"
2017-08-08,"VHMM006","Sub-Adult","M",0.144459586958801,0.491665793060069,0.154838033336828,0.209036586644302,0.629101582975155,0.239366558937411,-0.5,1810.94290260443,9536,0.109562310666183,0.189905925189223,"Juvenile","2016-12-28",223,134,-5,-1.6428778257725,0.219896839555203,"hm17"
2017-08-08,"VHMM007","Sub-Adult","M",0.0435372729171017,0.643036124451869,0.114115681770725,0.199310920860305,0.67404468573815,0.341535614703961,0,1694.95546079653,9575,0.110538780204899,0.177018847080577,"Juvenile","2016-12-28",223,134,-15,-1.92358286281814,-1.11694993267836,"hm17"
2017-08-08,"VLF206","DominantF","F",0.07740232312566,0.398838437170011,0.216261879619852,0.307497360084477,0.693030623020063,0.45374338181731,1,1169.34560777192,9454,0.070506865386307,0.123687921279026,"DominantF","2013-08-21",1448,134,-18,-1.61618411169845,0.347024609952212,"hm17"
2017-08-12,"VCVM001","DominantM","M",0.466504685872961,0.335647344671989,0.0853870183963901,0.11246095105866,0.238111766747657,-0.432632633117858,-1,422.781510512963,2877,0.0852653883436507,0.146952210814377,"DominantM","2011-12-21",2061,134,6,0.260238333430976,-0.333943415206898,"hm17"
2017-08-12,"VHMM002","Yearling","M",0.0768688293370945,0.667842031029619,0.0916784203102962,0.16361071932299,0.724612129760226,0.589804178669436,1,498.707051749621,2833,0.11276555374054,0.176034963554402,"Subordinate","2016-10-27",289,134,30,1.32510562363898,1.69255522844861,"hm17"
2017-08-12,"VHMM003","Yearling","M",0.267462902642056,0.411147303655447,0.113282663771263,0.208107129931234,0.514296055012667,0.227477942269532,0.333333333333333,420.638978250136,2761,0.0978560187418902,0.152350227544417,"Subordinate","2016-10-27",289,134,7,0.602101808970755,0.316640818027833,"hm17"
2017-08-12,"VLF206","DominantF","F",0.199275362318841,0.578985507246377,0.108695652173913,0.11304347826087,0.507608695652174,0.303000429233444,-0.333333333333333,353.095606023578,2758,0.0909261350186208,0.128025963025228,"DominantF","2013-08-21",1452,134,7,-0.274907921266981,-1.35235497622959,"hm17"
2017-08-14,"VCVM001","DominantM","M",0.17284071926894,0.383904883560971,0.121155546821264,0.322098850348826,0.491500442173529,0.15734160314324,-0.333333333333333,2880.39834673902,10173,0.196633710360407,0.283141486949672,"DominantM","2011-12-21",2063,134,-4,-0.899106605456695,-1.34031358992723,"hm17"
2017-08-14,"VLF206","DominantF","F",0.164199723702388,0.509275705545688,0.070653246496941,0.255871324254983,0.591868955989738,0.180867227141077,0.333333333333333,1934.11636783513,10132,0.135070001866239,0.190891864176385,"DominantF","2013-08-21",1454,134,10,-0.0601354573403487,-0.177365073524187,"hm17"
2017-08-21,"VCVM001","DominantM","M",0.225155612792445,0.500214638334406,0.112255848894613,0.162373899978536,0.535951921013093,0.354607731472436,0.333333333333333,1369.0116506348,9315,0.0344537335192038,0.146968507851294,"DominantM","2011-12-21",2070,134,9,0.340997169735237,-0.881664308601575,"hm17"
2017-08-21,"VHMM002","Yearling","M",0.194187160651549,0.498669221760886,0.0638773554774832,0.243266262110082,0.37698285957628,0.121679714499432,-0.333333333333333,1193.86684837434,9392,0.0430101605206773,0.127115294758767,"Subordinate","2016-10-27",298,134,27,0.451569674899393,-0.747919456243866,"hm17"
2017-08-21,"VLF206","DominantF","F",0.327484742807323,0.403116826503923,0.0673496076721883,0.202048823016565,0.39548823016565,-0.524356793300656,-1,931.162739262798,9174,0.0224622842663669,0.101500189586091,"DominantF","2013-08-21",1461,134,50,2.06001101484364,1.1975980954975,"hm17"
2017-08-22,"VCVM001","DominantM","M",0.07784370914211,0.53625666297898,0.0714070200140803,0.31449260786483,0.45288142411747,0.0739003933390411,-0.2,1356.93832707875,9941,0.0482261585572573,0.136499177857232,"DominantM","2011-12-21",2071,134,8,0.0287610549081145,0.182775335283328,"hm17"
2017-08-22,"VHMM007","Sub-Adult","M",0.0484422110552764,0.724020100502513,0.0873366834170854,0.140201005025126,0.542914572864322,0.186235934207504,0.6,1626.41777766258,9949,0.0742103901253745,0.163475502830695,"Juvenile","2016-12-28",237,134,13,0.735320968581436,1.32711381286182,"hm17"
2017-08-22,"VLF206","DominantF","F",0.128043747420553,0.331923235658275,0.186648782501032,0.35338423442014,0.515373503920759,0.144428915157014,1,1135.30081475601,9680,0.0494969620503316,0.117283142020249,"DominantF","2013-08-21",1462,134,7,-0.661944676083353,-0.935885841726159,"hm17"
2017-08-24,"VCVM001","DominantM","M",0.185804791130469,0.496337358938824,0.110473173628984,0.207384676301722,0.501979805979014,0.0331200623160544,0,1944.82337867051,10088,0.0921662698654134,0.192785822627925,"DominantM","2011-12-21",2073,134,6,-0.158971775079809,1.07802483623705,"hm17"
2017-08-24,"VHMM006","Sub-Adult","M",0.228632916581267,0.422320147571224,0.0704037712646034,0.278643164582906,0.434515269522443,-0.0270170935951152,-1,2327.46862829136,9746,0.130071015436302,0.238812705550109,"Juvenile","2016-12-28",239,134,-4,-1.31126663876592,-0.743396595279821,"hm17"
2017-08-24,"VHMM007","Sub-Adult","M",0.0378614727218523,0.605684189605485,0.197257279141409,0.159197058531253,0.613534731193481,0.213975496035079,0.666666666666667,1993.21235771711,10044,0.104257846654412,0.19844806428884,"Juvenile","2016-12-28",239,134,5,-0.450846271906868,0.616661620459647,"hm17"
2017-08-24,"VLF206","DominantF","F",0.204642894489177,0.205793161141901,0.150475792115445,0.439088152253477,0.508313290808324,0.0856009637649729,0.333333333333333,1270.68274773064,9531,0.0612259876685433,0.133321031133211,"DominantF","2013-08-21",1464,134,-3,-1.44278718564186,-0.951289861416875,"hm17"
2017-08-25,"VCVM001","DominantM","M",0.167747082876234,0.621222698713474,0.0568465144110901,0.154183703999202,0.421162860277251,-0.0584445274133575,-0.666666666666667,1530.52737206573,10026,0.0708639811396299,0.152655832043261,"DominantM","2011-12-21",2074,134,5,-0.564446396480854,-0.156297936399014,"hm17"
2017-08-25,"VHMM002","Yearling","M",0.226706231454006,0.174480712166172,0.227101879327399,0.371711177052423,0.495450049455984,0.0357554977342704,-1,1963.9251320035,10107,0.0865859646197849,0.194313360245721,"Subordinate","2016-10-27",302,134,29,0.618243513883551,0.973542910794129,"hm17"
2017-08-25,"VHMM003","Yearling","M",0.194430118617844,0.424651882413615,0.184218669417225,0.196699329551315,0.526766374419804,0.081469174480182,0.333333333333333,1160.04357368795,9672,0.057857520463824,0.119938334748548,"Subordinate","2016-10-27",302,134,15,1.0568151475396,1.39251676165936,"hm17"
2017-08-25,"VHMM006","Sub-Adult","M",0.0885141203472707,0.512324119349366,0.212054685161162,0.187107075142201,0.589462129527991,0.168435133790677,1,1740.96119995243,10020,0.079027688488748,0.173748622749743,"Juvenile","2016-12-28",240,134,-10,-1.75156974598801,-1.29037411239063,"hm17"
2017-08-25,"VHMM007","Sub-Adult","M",0.0980940025945514,0.652130525895619,0.0846222931843129,0.165153178325516,0.461530785350763,0.0700939078005659,-0.333333333333333,1734.53953183735,10020,0.0687327033838931,0.173107737708318,"Juvenile","2016-12-28",240,134,2,-0.858861584624592,-0.437557041329027,"hm17"
2017-08-25,"VLF206","DominantF","F",0.136018621597004,0.320514118004251,0.128833114057282,0.414634146341463,0.484869952433964,0.117864693984899,0,1361.09029012228,9877,0.0704824812947525,0.137804018439028,"DominantF","2013-08-21",1465,134,2,-0.905206050195775,-0.481830582334822,"hm17"
2017-09-03,"VCVM001","DominantM","M",0.0411925138719082,0.408539452647418,0.250352675632465,0.299915357848208,0.735540299068936,0.43367125817289,0.6,2336.26259547914,10632,0.121976491339013,0.219738769326481,"DominantM","2011-12-21",2083,134,4,-0.685820498428008,-1.49569035125848,"hm17"
2017-09-03,"VHMM002","Yearling","M",0.249407751350327,0.470861366436085,0.0697432009855018,0.209987681228087,0.457879276035251,-0.0807578832222904,-0.6,2222.65771478064,10550,0.130587027840343,0.210678456377312,"Subordinate","2016-10-27",311,134,22,0.0635555261941583,0.587165924422368,"hm17"
2017-09-03,"VHMM006","Sub-Adult","M",0.299416964453639,0.458905397780703,0.0436336279857062,0.198044009779951,0.292552191085198,-0.259866114320024,-1,2171.45656603876,10633,0.133213194593921,0.204218618079447,"Juvenile","2016-12-28",249,134,11,-0.257999017928607,-0.306580176592117,"hm17"
2017-09-03,"VHMM007","Sub-Adult","M",0.130804131672941,0.70112945264987,0.0621681629500917,0.105898252727097,0.560864948354088,0.0860417354247169,0.2,2478.68473749118,10358,0.142106296493656,0.239301480738673,"Juvenile","2016-12-28",249,134,11,-0.123844351154517,0.0662965640844632,"hm17"
2017-09-03,"VLF206","DominantF","F",0.0913661202185792,0.370054644808743,0.266666666666667,0.271912568306011,0.686338797814208,0.382547799125959,1,1417.57313528247,9135,0.0963754593466051,0.155180419844824,"DominantF","2013-08-21",1474,134,26,0.265624742517115,1.14880803934376,"hm17"
2017-09-04,"VCVM001","DominantM","M",0.105585896330363,0.442464309667529,0.0821117179266073,0.369838076075501,0.566446296828591,0.196420288573287,-0.2,1986.07650523435,10433,0.0847898241442697,0.190364852413912,"DominantM","2011-12-21",2084,134,15,0.621272753999098,0.501062315064578,"hm17"
2017-09-04,"VHMM002","Yearling","M",0.1041054328245,0.506589551531241,0.131696216933725,0.257608798710534,0.624442969564805,0.344786520094927,0.6,2211.28997186703,10543,0.117033265915039,0.2097401092542,"Subordinate","2016-10-27",312,134,35,1.20874802572188,1.31575351988617,"hm17"
2017-09-04,"VHMM003","Yearling","M",0.270047288459604,0.421269745447228,0.05201730556394,0.256665660529228,0.366032800080491,-0.163712230254347,-0.6,1519.75190413358,9892,0.0834524765030691,0.153634442391183,"Subordinate","2016-10-27",312,134,1,-0.209093329777236,-0.650461804837349,"hm17"
2017-09-04,"VHMM006","Sub-Adult","M",0.27412344248044,0.512798222737371,0.0223123732251521,0.190765961557037,0.305225538491259,-0.2589028228756,-1,1822.10861267281,10349,0.0947399599260629,0.176066152543513,"Juvenile","2016-12-28",250,134,25,0.528945020117028,0.373025278655794,"hm17"
2017-09-04,"VHMM007","Sub-Adult","M",0.1125,0.717293233082707,0.0556390977443609,0.114567669172932,0.528289473684211,0.127828311497841,0.2,2080.90374750154,10633,0.0975064754172646,0.195702412066354,"Juvenile","2016-12-28",250,134,5,-0.86983627354939,-1.5667581850416,"hm17"
2017-09-04,"VLF206","DominantF","F",0.093068159876424,0.34900559953659,0.258351033017957,0.299575207569029,0.673971809229581,0.38566407468344,1,1498.68546915155,10341,0.087014900826542,0.144926551508708,"DominantF","2013-08-21",1475,134,25,0.279698786748584,0.0273788762724123,"hm17"
2019-06-24,"VCVM001","DominantM","M",0.099671052631579,0.481578947368421,0.0585526315789474,0.360197368421053,0.482236842105263,0.0567892463447771,-0.333333333333333,1307.17129029955,9103,0.0777681069008912,0.143597856783429,"DominantM","2011-12-21",2742,134,-1,-0.405670263799912,-0.32757022896506,"hm19"
2019-06-24,"VHMF022","Sub-Adult","F",0.0798863636363636,0.507386363636364,0.0854545454545454,0.327272727272727,0.627727272727273,0.272496299420093,0.555555555555556,1421.27579495499,8776,0.0957494496235376,0.16195029568767,"Juvenile","2018-09-26",271,134,16,0.650791373455968,0.8429736669948,"hm19"
2019-06-24,"VHMM007","Adult","M",0.0849911364979318,0.474689777427615,0.123793578885168,0.316525507189285,0.561847547764428,0.176629371147839,0.111111111111111,2185.24274324715,10152,0.11191334294255,0.215252437278088,"Subordinate","2016-12-28",908,134,-3,-0.642546751412842,-0.590025879879121,"hm19"
2019-06-24,"VHMM017","Yearling","M",0.0742879514534599,0.576685915630811,0.100420867182147,0.248605265733581,0.658901830282862,0.351382452681788,0.777777777777778,2376.86684298746,10216,0.111899067131191,0.232661202328451,"Subordinate","2018-05-15",405,134,1,-0.543404686171261,-0.480177935373703,"hm19"
2019-06-25,"VCVM001","DominantM","M",0.177844998435381,0.479294878481277,0.0483988734744967,0.294461249608845,0.28110983623657,-0.166180176552461,-1,1574.10705580523,9541,0.0868765006194638,0.164983445739989,"DominantM","2011-12-21",2743,134,11,0.924563809938613,0.804952189220145,"hm19"
2019-06-25,"VHMF001","DominantF","F",0.0315054835493519,0.495413758723829,0.187637088733799,0.285443668993021,0.706779661016949,0.45830681508838,1,1817.82011839371,9990,0.108054332730615,0.181963975815187,"DominantF","2016-10-27",971,134,22,0.385528961637895,0.0864128043380943,"hm19"
2019-06-26,"VCVM001","DominantM","M",0.329930951666166,0.424797358150706,0.0312218552987091,0.214049834884419,0.435604923446412,-0.0997697488326273,-0.75,1564.93556277706,9970,0.0968780009454213,0.156964449626586,"DominantM","2011-12-21",2744,134,4,0.0361376612018905,-0.177786628515846,"hm19"
2019-06-26,"VHMF015","Yearling","F",0.101544175136826,0.513096168881939,0.12812744331509,0.257232212666145,0.642689601250977,0.257214962013928,0.25,2185.93010424999,10228,0.123630073094799,0.213720190090926,"Subordinate","2018-05-15",407,134,8,-0.432843655349805,-0.833083791534542,"hm19"
2019-06-26,"VHMM007","Adult","M",0.350373460083422,0.269182267921234,0.0571345426326511,0.323309729362693,0.225822097196624,-0.348071028091091,-1,2097.95490696032,10306,0.112268755144861,0.203566360077656,"Subordinate","2016-12-28",910,134,2,-0.00556676911347987,-0.236059301448566,"hm19"
2019-06-26,"VHMM014","Yearling","M",0.0565447074936412,0.554881627861475,0.11807865388378,0.270495010761103,0.642535707297985,0.340070916183433,0.5,2147.26300010053,10220,0.119797218544672,0.210104011751519,"Subordinate","2018-05-15",407,134,25,1.63162172072118,2.05154776273872,"hm19"
2019-06-26,"VHMM017","Yearling","M",0.141611987072765,0.418078542748017,0.128488884536284,0.311820585642934,0.570169425129762,0.241164500679194,-0.25,2351.00232442324,10208,0.121563242701651,0.230309788834565,"Subordinate","2018-05-15",407,134,7,0.00624232373551584,-0.219558718656334,"hm19"
2019-06-27,"VCVM001","DominantM","M",0.185699647045429,0.468974154616874,0.0403051349197313,0.305021063417967,0.394284413070705,-0.0571453201012951,-1,1417.21323612345,8700,0.102493753917218,0.162898073117638,"DominantM","2011-12-21",2745,134,6,0.438362521792672,-0.528718324408193,"hm19"
2019-06-28,"VCVM001","DominantM","M",0.0148609779482263,0.681687440076702,0.0649568552253116,0.23849472674976,0.662032598274209,0.347852253634465,-0.5,707.729406108067,4127,0.113876641529432,0.171487619604572,"DominantM","2011-12-21",2746,134,-9,-1.48675143820668,-1.64185962092657,"hm19"
2019-07-13,"VCVM001","DominantM","M",0.278531129367515,0.204988617242403,0.143026823715728,0.373453429674354,0.443531624270019,0.00960177855553751,-0.8,1443.04150210806,10092,0.0636409774103862,0.142988654588591,"DominantM","2011-12-21",2761,134,15,1.31309370550021,1.91908305577013,"hm19"
2019-07-13,"VHMF001","DominantF","F",0.044158855928109,0.331916127162045,0.218958353464103,0.404966663445744,0.739781621412697,0.447992357077553,1,2223.91745301503,10343,0.120051827592544,0.215016673403754,"DominantF","2016-10-27",989,134,21,0.287317657582705,0.877296670158472,"hm19"
2019-07-13,"VHMF010","Adult","F",0.0460197787134045,0.50798002545775,0.170469010085186,0.27553118574366,0.716341917164398,0.445279579325531,0.8,1634.53951912872,10193,0.101071308142949,0.160359022773347,"Subordinate","2017-09-01",680,134,-5,-1.71006022254121,-1.15125633286731,"hm19"
2019-07-13,"VHMF015","Yearling","F",0.146984924623116,0.583011209895632,0.0912253575570158,0.178778507924237,0.613548511789718,0.242001316197489,0.4,2257.23528770487,10341,0.128376049921426,0.218280174809484,"Subordinate","2018-05-15",424,134,20,0.934139597710638,1.53421422297931,"hm19"
2019-07-13,"VHMF022","Sub-Adult","F",0.256164252134702,0.46522114554351,0.0726278422718987,0.20598676004989,0.548402571236688,0.0590501352616258,-0.2,2231.18044353193,10419,0.133426312547488,0.214145354019765,"Juvenile","2018-09-26",290,134,0,-1.6405098697802,-1.08062043649596,"hm19"
2019-07-13,"VHMM007","Adult","M",0.183838383838384,0.522462722462723,0.0855218855218855,0.208177008177008,0.527946127946128,0.12997489843018,0.2,2430.42607451435,10390,0.108403868908808,0.233919737681843,"Subordinate","2016-12-28",927,134,0,-0.383090090649136,0.196425181362831,"hm19"
2019-07-13,"VHMM016","Yearling","M",0.136749633967789,0.369838945827233,0.143875061005368,0.34953635919961,0.517423133235725,0.124857101666858,-0.4,2273.99481521335,10239,0.138956528533961,0.222091494795718,"Subordinate","2018-05-15",424,134,-11,-1.84262805292709,-1.28589328519863,"hm19"
2019-07-13,"VHMM017","Yearling","M",0.150615847153525,0.666375715255552,0.0229851614780332,0.160023276112889,0.470759383183008,0.085975709252213,-0.6,2329.14321928379,10302,0.12568287040689,0.226086509346126,"Subordinate","2018-05-15",424,134,-2,-1.51679636613946,-0.954976009458603,"hm19"
2019-07-13,"VHMM021","Sub-Adult","M",0.153940258945866,0.395147313691508,0.0909368946885513,0.359975532674075,0.540116219798145,0.146704200605979,0,2240.99574568797,9804,0.133633424986274,0.228579737422273,"Juvenile","2018-09-26",290,134,0,-1.05129367540891,-0.482207741323253,"hm19"
2019-07-13,"VHMM023","Sub-Adult","M",0.285281173594132,0.36919315403423,0.0381418092909535,0.307383863080685,0.42640586797066,-0.0882919818196233,-1,2214.60403252733,10219,0.123709067321046,0.21671435879512,"Juvenile","2018-09-26",290,134,18,0.851256530758749,1.45003751508726,"hm19"
2019-07-17,"VCVM001","DominantM","M",0.18163532133159,0.350598410942372,0.100874987428342,0.366891280297697,0.490495826209394,0.0893227121147992,-0.111111111111111,1647.58853417806,9931,0.0820889561037152,0.165903588176222,"DominantM","2011-12-21",2765,134,-3,-0.647283018554086,-1.52075579485009,"hm19"
2019-07-17,"VHMF001","DominantF","F",0.0378614727218523,0.457318890986783,0.245453642055053,0.259365994236311,0.781178574977641,0.500796100672227,1,1909.51378301536,10058,0.104110454812259,0.189850246869692,"DominantF","2016-10-27",993,134,20,0.275205551896515,-0.21117902466746,"hm19"
2019-07-17,"VHMF010","Adult","F",0.164403000202716,0.233326576120008,0.0901074396918711,0.512162983985404,0.505676059193189,0.0343937778682135,0.333333333333333,1378.19069733604,9842,0.0715428551473472,0.140031568516159,"Subordinate","2017-09-01",684,134,34,1.60156092068199,1.67173230410925,"hm19"
2019-07-17,"VHMF015","Yearling","F",0.0426535626535627,0.768452088452088,0.081965601965602,0.106928746928747,0.605307125307125,0.244841157212134,0.777777777777778,1913.27240529422,10173,0.0752522252356069,0.188073567806372,"Subordinate","2018-05-15",428,134,18,0.741367910045412,0.450591120698305,"hm19"
2019-07-17,"VHMF022","Sub-Adult","F",0.208195571586013,0.372708145476405,0.0611161206291955,0.357980162308386,0.356477306883078,-0.117190557612449,0.111111111111111,2084.54314235915,9971,0.102692601494328,0.20906058994676,"Juvenile","2018-09-26",294,134,18,0.535981861662773,0.159022415678871,"hm19"
2019-07-17,"VHMM007","Adult","M",0.167335473515249,0.534711075441412,0.109048956661316,0.188904494382022,0.465088282504013,-0.0203255127778662,-0.555555555555556,2171.19154357174,9966,0.10930042179385,0.217859877942177,"Subordinate","2016-12-28",931,134,39,1.67097607096943,1.77027495409652,"hm19"
2019-07-17,"VHMM014","Yearling","M",0.150041305245766,0.718504750103263,0.00733168112350269,0.124122263527468,0.503717472118959,0.0331226684600952,-0.333333333333333,2236.35669214973,9682,0.0879931849884578,0.230980860581464,"Subordinate","2018-05-15",428,134,13,0.0388809071219277,-0.546668563434633,"hm19"
2019-07-17,"VHMM016","Yearling","M",0.0490737091052424,0.541683090264091,0.142983839180134,0.266259361450532,0.685455262120615,0.299211699313541,0.555555555555556,1928.54538789704,10138,0.103784653756011,0.190229373436283,"Subordinate","2018-05-15",428,134,21,0.20080567478754,-0.316798057669424,"hm19"
2019-07-17,"VHMM023","Sub-Adult","M",0.203268038192736,0.463628309873019,0.0269711585786003,0.306132493355645,0.341962791613348,-0.153855937279206,-1,1972.29211995346,10153,0.0876453904938717,0.194257078691368,"Juvenile","2018-09-26",294,134,24,1.36633308217048,1.33779980577545,"hm19"
2019-07-18,"VCVM001","DominantM","M",0.0798374809547994,0.479837480954799,0.0591163026917217,0.38120873539868,0.50401218892839,0.0394657655834638,0.25,1767.53253502623,9829,0.116498465485414,0.179828317735907,"DominantM","2011-12-21",2766,134,-7,-1.00981349283165,0.333164179808112,"hm19"
2019-07-18,"VHMF001","DominantF","F",0.0533333333333333,0.292745098039216,0.316274509803922,0.337647058823529,0.746078431372549,0.534944495186823,1,2689.4494741206,10193,0.191885654181795,0.263852592379142,"DominantF","2016-10-27",994,134,4,-1.03562167061826,0.295698188016488,"hm19"
2019-07-18,"VHMF010","Adult","F",0.210699670625811,0.171474199021858,0.0727617526699271,0.545064377682403,0.369497953887614,-0.182591948516486,-1,1819.89141989671,9987,0.128976184191663,0.182226035836258,"Subordinate","2017-09-01",685,134,4,-0.808257127448394,0.625765586751154,"hm19"
2019-07-18,"VHMF015","Yearling","F",0.0623221120816567,0.700559426832859,0.0918637746589459,0.145254686426538,0.580528020414172,0.151357460434796,0.5,2847.82642035788,10185,0.181610429729697,0.279609859632586,"Subordinate","2018-05-15",429,134,-10,-1.98248347040937,-1.07887062935965,"hm19"
2019-07-18,"VHMF022","Sub-Adult","F",0.157955753067337,0.644092358226258,0.0454062409429041,0.152545647763501,0.514539658004058,-0.0286819221032754,-0.25,2348.62204771215,10346,0.148684609901196,0.22700773706864,"Juvenile","2018-09-26",295,134,3,-1.12797809237157,0.161623439774932,"hm19"
2019-07-18,"VHMM007","Adult","M",0.179727520435967,0.380490463215259,0.113242506811989,0.326539509536785,0.475858310626703,0.0320374082555596,0,2370.19891495278,9173,0.170863764557215,0.258388631304129,"Subordinate","2016-12-28",932,134,-27,-1.84838535486964,-0.884199043569121,"hm19"
2019-07-18,"VHMM021","Sub-Adult","M",0.197667694680031,0.328064764841943,0.0824016962220509,0.391865844255975,0.360832690824981,-0.215707854811494,-0.75,2615.33880719933,10374,0.149720759225279,0.252105148178073,"Juvenile","2018-09-26",295,134,2,-0.90657609692624,0.483034947886413,"hm19"
2019-07-18,"VHMM023","Sub-Adult","M",0.0766853389994205,0.574946880432683,0.121981842766081,0.226385937801816,0.640525400811281,0.190128287022968,0.75,2722.86855819411,10350,0.17653574553221,0.263079087748223,"Juvenile","2018-09-26",295,134,-18,-2.21866838942337,-1.42174265660035,"hm19"
2019-08-06,"VJXM095","DominantM","M",0.0636839983877469,0.354695687222894,0.1742241031842,0.407396211205159,0.608222490931076,0.323340069403969,0.8,1581.88236625276,9906,0.093398060003926,0.159689316197533,"DominantM","2016-04-25",1198,18,18,0.621164027337746,1.2324748124597,"l19"
2019-08-06,"VLF230","DominantF","F",0.123156558257642,0.615196796562164,0.0762769801738451,0.185369665006348,0.492528567242895,0.138766847794411,0,2072.94127911809,10236,0.113145670171559,0.202514779124472,"DominantF","2016-11-06",1003,18,-11,-1.74055429359032,-1.33465261178116,"l19"
2019-08-06,"VLF241","Yearling","F",0.0892542571931885,0.53532981013897,0.0950283812879233,0.280387551379918,0.665590135055784,0.351331097903711,0.4,2247.98102663808,10217,0.114002053812013,0.220023590744649,"Subordinate","2018-02-23",529,18,9,-0.676525664411818,-0.178080699738678,"l19"
2019-08-06,"VLF244","Sub-Adult","F",0.218229880556099,0.462208733111416,0.0293714509496769,0.290189935382808,0.310162522028588,-0.130247361537398,-1,2036.03234199183,10212,0.112800095825078,0.19937645338737,"Juvenile","2018-07-18",384,18,-6,-1.71926637570785,-1.31151318938824,"l19"
2019-08-06,"VLM234","Adult","M",0.0806420043061264,0.350753572127618,0.14846349579174,0.420140927774516,0.63691524760227,0.242080219209941,0.2,2129.71737067858,10217,0.11545841550847,0.20844840664369,"Subordinate","2017-04-23",835,18,9,-0.370542577788422,0.154515091242913,"l19"
2019-08-06,"VLM239","Yearling","M",0.210207865716795,0.439933639113887,0.0282033765980287,0.321655118571289,0.384697960378647,-0.0852122309046586,-0.8,2229.47985650371,10243,0.120439435382853,0.217658874988159,"Subordinate","2018-02-23",529,18,-6,-1.05404682487525,-0.588436547711301,"l19"
2019-08-06,"VLM248","Sub-Adult","M",0.013079551000488,0.502879453391898,0.186530014641288,0.297510980966325,0.80829673011225,0.579639174519076,1,2155.12614132073,10243,0.12188380890176,0.210399896643633,"Juvenile","2018-07-18",384,18,5,-0.637058989297032,-0.135181433076362,"l19"
2019-08-07,"VJXM095","DominantM","M",0.123918417799753,0.311495673671199,0.0670580964153276,0.497527812113721,0.469303667078698,0.0980977284389072,-0.2,1534.72740318959,9690,0.103083494285865,0.158382600948358,"DominantM","2016-04-25",1199,18,10,0.380431816293193,0.348847459624813,"l19"
2019-08-07,"VLF230","DominantF","F",0.061770761839396,0.515834885773115,0.0491224629865673,0.373271889400922,0.523580743210119,0.1357263456579,0,2025.41517817136,10198,0.0918517991382549,0.198609058459636,"DominantF","2016-11-06",1004,18,24,0.94181743224015,0.968145291442095,"l19"
2019-08-07,"VLF241","Yearling","F",0.0648420639591917,0.510300176574456,0.0697469099470277,0.355110849519325,0.417500490484599,0.0822826440239613,-0.4,1913.11537749333,10193,0.0783485524761034,0.18768913739756,"Subordinate","2018-02-23",530,18,2,-1.46813664893338,-1.69041826069387,"l19"
2019-08-07,"VLF244","Sub-Adult","F",0.0801020909001669,0.525277314224011,0.128693432806518,0.265927162069304,0.531854324138608,0.211088831547361,0.4,2048.92566584989,10185,0.105003701444165,0.20117090484535,"Juvenile","2018-07-18",385,18,9,0.30865608884983,0.269667389597898,"l19"
2019-08-07,"VLF246","Sub-Adult","F",0.0982345398954532,0.467896242232962,0.109379623237006,0.324489594634579,0.524607949501923,0.248875751739935,0.2,2332.08159859923,10136,0.109450882162272,0.230079084313263,"Juvenile","2018-07-18",385,18,10,0.158261443974525,0.103758120029069,"l19"
2019-08-08,"VJXM095","DominantM","M",0.0798183652875883,0.604036326942482,0.120282542885974,0.195862764883956,0.676589303733602,0.398312650809594,0.6,1831.78156495086,9894,0.116763711517717,0.185140647357071,"DominantM","2016-04-25",1200,18,-9,-0.800060675903565,-1.02119712584241,"l19"
2019-08-08,"VLF230","DominantF","F",0.0335970309600547,0.502197480222678,0.119640589901358,0.34456489891591,0.530129895497607,0.243587501348787,0,2298.33616480906,10237,0.115176280026155,0.224512666289837,"DominantF","2016-11-06",1005,18,6,-0.501603233795911,-0.697170390921261,"l19"
2019-08-08,"VLF235","Adult","F",0.0663669240543446,0.425862574528394,0.203596911347864,0.304173590069397,0.709021601016518,0.423737887394097,0.8,2651.16913769226,10229,0.138851854900217,0.25918165389503,"Subordinate","2017-04-23",837,18,-2,-0.29928414578608,-0.477518325832519,"l19"
2019-08-08,"VLF241","Yearling","F",0.272389881824397,0.213106748705928,0.068659048735228,0.445844320734447,0.348471530422893,-0.107254891006009,-0.6,2539.12732007011,10237,0.135943675502969,0.24803431865489,"Subordinate","2018-02-23",531,18,9,-0.489246054790082,-0.683754554017282,"l19"
2019-08-08,"VLF244","Sub-Adult","F",0.104759083728278,0.627863349131122,0.0845181674565561,0.182859399684044,0.497827804107425,0.170089691476455,-0.2,2120.80685576171,10125,0.120606150247992,0.20946240550733,"Juvenile","2018-07-18",386,18,16,1.06517174116618,1.00383252563529,"l19"
2019-08-08,"VLF246","Sub-Adult","F",0.118531536809217,0.414176918570592,0.167154852567858,0.300136692052334,0.619410271431361,0.322593903664758,0.2,2612.07421983905,10240,0.139927263141073,0.255085373031157,"Juvenile","2018-07-18",386,18,20,1.51622462891056,1.49352778490059,"l19"
2019-08-08,"VLM234","Adult","M",0.0274709160230717,0.389383126405318,0.242838987193274,0.340306970378336,0.721087105288885,0.468558345792181,1,2426.56769687101,10227,0.129770130645681,0.237270724246701,"Subordinate","2017-04-23",837,18,27,0.936245703112976,0.863861202214146,"l19"
2019-08-08,"VLM239","Yearling","M",0.196681068342498,0.386586802827965,0.0479183032207384,0.368813825608798,0.458660644147683,-0.0238994703337665,-0.8,2240.90664043636,10181,0.112742237802632,0.220106732190979,"Subordinate","2018-02-23",531,18,0,-0.734327247448614,-0.949832216838907,"l19"
2019-08-08,"VLM245","Sub-Adult","M",0.0788927335640138,0.549480968858131,0.119723183391003,0.251903114186851,0.645378151260504,0.307004506685417,0.4,2505.76024251556,10112,0.117196908347269,0.24780065689434,"Juvenile","2018-07-18",386,18,6,-0.489383435064255,-0.683903703863802,"l19"
2019-08-08,"VLM248","Sub-Adult","M",0.163086322428065,0.414465904611746,0.147615293653922,0.274832479306267,0.579523058730784,0.223275275658197,-0.4,2376.75883071106,10145,0.131080179676844,0.234278839892662,"Juvenile","2018-07-18",386,18,42,1.6317915021514,1.61899544399742,"l19"
2019-08-09,"VJXM095","DominantM","M",0.117225363489499,0.431845718901454,0.194264943457189,0.256663974151858,0.656199515347334,0.402456112145945,1,1531.11709621376,9889,0.0842307425648825,0.15483032624267,"DominantM","2016-04-25",1201,18,11,0.292467302130214,0.615017363467271,"l19"
2019-08-09,"VLF230","DominantF","F",0.192856440027551,0.402440224343206,0.0830463445832923,0.321656991045951,0.47495818163928,0.0864011061203719,-0.777777777777778,1979.78474112207,10159,0.0894648587754962,0.194879883957286,"DominantF","2016-11-06",1006,18,-2,-0.870546596305955,-0.651661070433277,"l19"
2019-08-09,"VLF235","Adult","F",0.0616471974084618,0.743398449003632,0.0254245607146363,0.16952979287327,0.521350741140669,0.191166940001601,0.111111111111111,2043.58579274356,10183,0.103404077618847,0.200686025016554,"Subordinate","2017-04-23",838,18,22,1.54168744563157,1.97558598358008,"l19"
2019-08-09,"VLF241","Yearling","F",0.0868075944411822,0.238598551575651,0.252104129966725,0.422489724016442,0.575748678802114,0.260645518367126,0.555555555555556,2195.87658533564,10211,0.109030247182919,0.215050101394147,"Subordinate","2018-02-23",532,18,8,-0.771962313404688,-0.544289537521679,"l19"
2019-08-09,"VLF244","Sub-Adult","F",0.143038841600626,0.662655317483612,0.0147735055278348,0.179532335387927,0.360923588689952,-0.0181661679605248,-0.555555555555556,2068.84393885645,10212,0.110262195614352,0.202589496558602,"Juvenile","2018-07-18",387,18,18,1.09206153306587,1.48588293915761,"l19"
2019-08-09,"VLF246","Sub-Adult","F",0.132718170216943,0.359477765779916,0.226465102581722,0.281338961421419,0.662216550505546,0.4107902901222,0.777777777777778,2634.30837176215,10183,0.13652224319957,0.258696687789664,"Juvenile","2018-07-18",387,18,-2,-1.48195403766948,-1.31756594168448,"l19"
2019-08-09,"VLM234","Adult","M",0.255423579071365,0.374693236477864,0.0987533130460391,0.271129871404731,0.475802493373908,0.0340801643487975,-1,2234.65296869216,10181,0.106764729770177,0.219492482928215,"Subordinate","2017-04-23",838,18,6,-1.08465228909328,-0.884850943738929,"l19"
2019-08-09,"VLM245","Sub-Adult","M",0.120276587456175,0.610927152317881,0.0634008570315543,0.20539540319439,0.423061940007791,0.0415806013453058,-0.333333333333333,2380.98505122398,10263,0.0979492725286189,0.231996984431841,"Juvenile","2018-07-18",387,18,11,0.408678310993907,0.741586769823807,"l19"
2019-08-09,"VLM248","Sub-Adult","M",0.0938593082005441,0.562572872133696,0.0582005441119316,0.285367275553828,0.480956082394092,0.177617616722418,-0.111111111111111,2346.56967198191,10286,0.122848549109866,0.228132381098766,"Juvenile","2018-07-18",387,18,23,0.455842305838552,0.792954698622111,"l19"
2019-08-10,"VJXM095","DominantM","M",0.0552023121387283,0.403179190751445,0.061849710982659,0.479768786127168,0.573410404624278,0.182676019345016,0.111111111111111,668.536415337937,3448,0.121304947201904,0.19389107173374,"DominantM","2016-04-25",1202,18,-15,-1.45727191836182,-1.15361800552675,"l19"
2019-08-10,"VLF230","DominantF","F",0.0666302566903332,0.570180229382851,0.137356635718187,0.225832878208629,0.715182960131076,0.322447042240832,0.777777777777778,1054.70830210203,3661,0.151695753404278,0.288092953319319,"DominantF","2016-11-06",1007,18,1,-0.705683603054622,0.53351786055897,"l19"
2019-08-10,"VLF244","Sub-Adult","F",0.196886947023484,0.553795740032769,0.0316766794101584,0.217640633533588,0.370289459311851,-0.115351524315013,-0.555555555555556,739.893531883797,3661,0.116699534252571,0.202101483715869,"Juvenile","2018-07-18",388,18,6,-0.66711277151558,0.620100144967781,"l19"
2019-08-11,"VJXM095","DominantM","M",0.0553864283609938,0.46862417755082,0.221938524992635,0.254050869095551,0.726799567907296,0.45761491880196,1,1662.40198856466,10177,0.088277116528397,0.163348922920768,"DominantM","2016-04-25",1203,18,30,1.30098204965527,0.483834095633612,"l19"
2019-08-11,"VLF230","DominantF","F",0.0834554871494185,0.347698622104955,0.216749731261605,0.352096159484022,0.706342226131144,0.456925416647586,0.75,2015.91491770565,10232,0.0920106335969362,0.197020613536518,"DominantF","2016-11-06",1008,18,28,0.985960883644286,-0.106077979287506,"l19"
2019-08-11,"VLF241","Yearling","F",0.213965718737826,0.25983638488508,0.0744059213089209,0.451791975068173,0.385372029606545,-0.0773358425445238,-0.5,2155.09739672935,10267,0.10006787028717,0.209905268990878,"Subordinate","2018-02-23",534,18,14,0.452574872486459,-1.10490244737115,"l19"
2019-08-11,"VLF244","Sub-Adult","F",0.226758916390567,0.514617033716624,0.0290391736503606,0.229584876242448,0.397485870200741,-0.0446738998153253,-0.75,1971.86217392492,10260,0.101966264524055,0.192189295704183,"Juvenile","2018-07-18",389,18,10,-0.0741770278491715,-2.09130380709692,"l19"
2019-08-11,"VLF246","Sub-Adult","F",0.125792914999512,0.46774665755831,0.087830584561335,0.318629842880843,0.48814287108422,0.0628526089512207,-0.25,2113.93382142124,10246,0.10223427628244,0.206317960318294,"Juvenile","2018-07-18",389,18,21,1.4607837052769,0.783080420689419,"l19"
2019-08-11,"VLM248","Sub-Adult","M",0.071713923803956,0.414498684595148,0.0936373380103284,0.420150053590568,0.579557634220014,0.226206557486364,0.25,2159.7745423724,10261,0.117234795406067,0.210483826369009,"Juvenile","2018-07-18",389,18,38,1.19945667298188,0.293716566805527,"l19"
2021-05-22,"VZUF051","Yearling","F",0.0974240753733587,0.447228625839431,0.0634459256289466,0.391901373158264,0.531622732284254,0.192915180606755,0.714285714285714,2394.62620131589,9972,0.105658575541504,0.240134998126343,"Subordinate","2020-03-09",439,81,-8,-1.68654978206881,-0.913567688667613,"zu21"
2021-05-22,"VZUF052","Yearling","F",0.150298804780876,0.522410358565737,0.0502988047808765,0.27699203187251,0.429880478087649,0.0694320279786635,-0.142857142857143,2057.54890296582,10037,0.0790196527290594,0.20499640360325,"Subordinate","2020-03-09",439,81,-8,-1.60479439476162,-0.839016945803289,"zu21"
2021-05-22,"VZUF054","Yearling","F",0.142713769570454,0.568446407065436,0.0268968285828984,0.261942994781212,0.389401846647933,-0.0978346995798081,-0.428571428571429,1534.05527181827,9963,0.063617937968061,0.153975235553375,"Subordinate","2020-03-09",439,81,11,-0.660583761670677,0.0219856918924265,"zu21"
2021-05-22,"VZUM059","Yearling","M",0.0583063864187551,0.547392886014551,0.084983831851253,0.309316895715441,0.744947453516572,0.384710020240823,1,2412.0445903709,9888,0.0948384287354931,0.243936548378934,"Subordinate","2020-03-27",421,81,32,0.996761046677234,1.53327798362137,"zu21"
2021-06-11,"VJXM122","DominantM","M",0.113192664168803,0.525931768881877,0.0776967067639519,0.283178860185368,0.525044369946756,0.279345143466513,1,2588.58863275181,10139,0.144457939002873,0.255310053531099,"DominantM","2018-12-01",923,152,11,0.0731272424127131,1.01923200778863,"rw21"
2021-06-11,"VMPF022","DominantF","F",0.215665443306935,0.449391539501642,0.0829631060459726,0.251979911145451,0.409117249372223,0.013733792437803,-0.333333333333333,1947.90032063737,10352,0.117226158019614,0.18816656884055,"DominantF","2018-12-21",903,152,3,-0.888092800043073,-0.314678693022509,"rw21"
2021-06-11,"VMPF029","Adult","F",0.287652379079827,0.319602831301612,0.103322847031066,0.289421942587495,0.426464805348014,0.00419117918728704,-1,1873.6791024139,10170,0.0942797945507568,0.18423589994237,"Subordinate","2019-03-20",814,152,4,-0.590722654844848,0.0979897920917305,"rw21"
2021-07-21,"VZUF051","Yearling","F",0.0706901644186275,0.544550556266614,0.191198188441469,0.193561090873289,0.637786748055528,0.310610052937012,1,2622.79056148251,10152,0.154953827006888,0.258352104164944,"Subordinate","2020-03-09",499,81,11,-0.630100824198453,-0.559328439532869,"zu21"
2021-07-21,"VZUF052","Yearling","F",0.248765066192452,0.367615095830863,0.203220707370085,0.180399130606599,0.619344003161431,0.115183584842874,0,2624.09995519812,10119,0.161348602052461,0.259324039450353,"Subordinate","2020-03-09",499,81,12,0.328399576976294,1.0585261736729,"zu21"
2021-07-21,"VZUF054","Yearling","F",0.112584733274388,0.408979271048237,0.139208173690932,0.339227821986443,0.622556243245898,0.281417591246558,0.5,3411.6844069811,10177,0.15841330628888,0.335234785003548,"Subordinate","2020-03-09",499,81,13,-0.358109514314301,-0.100233800752712,"zu21"
2021-07-21,"VZUM053","Yearling","M",0.201417888705448,0.339904826648538,0.182286102748373,0.27639118189764,0.518014955812373,0.0720478907752219,-0.5,2360.69970889303,10296,0.143995405029944,0.229283188509424,"Subordinate","2020-03-09",499,81,17,0.335150555516416,1.0699211629305,"zu21"
2021-08-13,"VNQF013","DominantF","F",0.0989244902531929,0.600492941967287,0.0963477481514676,0.204234819628053,0.605870490701322,0.265866074072852,0.333333333333333,1755.50070852029,8920,0.0696094188236342,0.196805012165951,"DominantF","2019-11-12",640,147,6,-0.808131794567914,-0.271510380490723,"nq21"
2021-08-13,"VNQF014","Yearling","F",0.117583069620253,0.393196202531646,0.170094936708861,0.31912579113924,0.663271360759494,0.364676610280684,1,1613.41929919431,10105,0.0763698623517771,0.159665442770343,"Subordinate","2019-11-11",641,147,13,0.412651915300649,1.11463377552403,"nq21"
2021-08-13,"VNQF020","Yearling","F",0.117101147028154,0.360479666319082,0.130448383733055,0.391970802919708,0.573096976016684,0.244833086757093,-0.333333333333333,1705.78048543304,9586,0.0802982576575289,0.177944970314316,"Subordinate","2020-04-22",478,147,-6,-1.45322332644541,-1.00398235712193,"nq21"
2021-08-13,"VNQM012","Yearling","M",0.250177394830208,0.509579320831221,0.0472377090724785,0.193005575266092,0.281702990369995,-0.236980346551211,-1,1556.09708526961,9861,0.0633134596665766,0.157803172626469,"Subordinate","2019-11-11",641,147,1,-1.54176910555353,-1.10452204589588,"nq21"
2021-08-13,"VNQM018","Yearling","M",0.203071495278614,0.32665767354986,0.129812182214382,0.340458648957144,0.422226834076995,-0.0636989474592158,-0.666666666666667,1966.43124579715,9631,0.0822346294709649,0.204177265683434,"Subordinate","2020-04-22",478,147,12,0.559016994374947,1.28082463911716,"nq21"
2021-08-13,"VNQM019","Yearling","M",0.0513263543042992,0.463563370261205,0.117694887691839,0.367415387742657,0.635938611647525,0.322798486081683,0.666666666666667,1619.07252354685,9823,0.0654873506868459,0.164824648635534,"Subordinate","2020-04-22",478,147,18,0.278524249529116,0.962337935920201,"nq21"
2021-08-14,"VNQF013","DominantF","F",0.0370412844036697,0.444724770642202,0.238417431192661,0.279816513761468,0.686926605504587,0.353944686865377,0.6,1873.44373229572,8711,0.074978211126644,0.215066436952786,"DominantF","2019-11-12",641,147,19,0.653472265011099,0.46472018064656,"nq21"
2021-08-14,"VNQF014","Yearling","F",0.0857573299339437,0.333526480472824,0.216479313941361,0.364236875651872,0.612585467609225,0.327452321217253,0.2,1519.80450274289,8627,0.0789098911590993,0.176168367073478,"Subordinate","2019-11-11",642,147,-7,-1.75598762161077,-1.61761138109012,"nq21"
2021-08-14,"VNQF020","Yearling","F",0.303161739527451,0.375413765551878,0.0345850930259103,0.286839401894761,0.171898185138683,-0.490271221491064,-1,1776.54943351017,8754,0.0802517157650664,0.202941447739339,"Subordinate","2020-04-22",479,147,16,0.597047761325352,0.415956337126057,"nq21"
2021-08-14,"VNQM012","Yearling","M",0.0846726773814191,0.339082712661701,0.208545668365347,0.367698941591533,0.818894551156409,0.557293604606708,1,466.219236065996,2543,0.0882471123859367,0.183334343714509,"Subordinate","2019-11-11",642,147,32,2.04204272151281,1.66476675677883,"nq21"
2021-08-14,"VNQM018","Yearling","M",0.105738084220268,0.60666358167515,0.0322767237390097,0.255321610365571,0.381073577047663,-0.115520666442407,-0.6,1643.5664092893,8641,0.0736594812645265,0.190205579133121,"Subordinate","2020-04-22",479,147,7,-1.00390174414648,-0.967634940944431,"nq21"
2021-08-16,"VNQF013","DominantF","F",0,0.685344827586207,0.0948275862068965,0.219827586206897,0.887931034482759,0.636025716336336,1,31.884613387038,231,0.0225946042476685,0.138028629381117,"DominantF","2019-11-12",643,147,0,-1.62889973481749,-2.0947379382348,"nq21"
2021-08-16,"VNQF020","Yearling","F",0.128818265967294,0.686516507250848,0.0598580684973774,0.12480715828448,0.400030854674483,-0.137390199211161,-0.5,1041.19404029452,6478,0.0416805214930976,0.160727699952843,"Subordinate","2020-04-22",481,147,14,0.432240642855803,0.431338005249844,"nq21"
2021-08-16,"VNQM018","Yearling","M",0.197729713146188,0.311704249117963,0.192360791532444,0.298205246203405,0.614664825893542,0.244327587696315,0,1157.26355435382,6517,0.0436264053954379,0.177576116979257,"Subordinate","2020-04-22",481,147,7,-0.946247218796598,-1.25809812604197,"nq21"
2021-08-16,"VNQM019","Yearling","M",0.0700627199020958,0.610677680893376,0.088572739788894,0.230686859415634,0.614196114425578,0.286479873720233,0.5,1087.71170328008,6534,0.0533909700537745,0.166469498512408,"Subordinate","2020-04-22",481,147,19,0.395951202021341,0.386862682517132,"nq21"
2021-08-16,"VZUM034","DominantM","M",0.305948577514073,0.348547086566256,0.0807850296668188,0.264719306252853,0.393884071200365,-0.0909473596305325,-1,1231.82957415531,6572,0.055948041601322,0.187436027716876,"DominantM","2018-04-07",1227,147,4,-0.231977562977957,-0.382709232461954,"nq21"
2022-06-12,"VNQF013","DominantF","F",0.158393113342898,0.578383548541368,0.0987087517934003,0.164514586322334,0.505308464849354,0.0136146079863446,-0.333333333333333,2441.55780999427,10448,0.118146392628341,0.233686620405271,"DominantF","2019-11-12",943,147,6,-0.907388832269013,0.235950181549982,"nq22"
2022-06-12,"VNQM028","Yearling","M",0.183213429256595,0.485659472422062,0.154340527577938,0.176786570743405,0.447673860911271,-0.00359377833366101,0.333333333333333,2693.08320911248,10418,0.13828753432289,0.258502899703636,"Subordinate","2021-03-07",462,147,-3,-2.19080890870327,-1.09994287478573,"nq22"
2022-06-12,"VNQM029","Yearling","M",0.221595256312165,0.349560061208875,0.129973221117062,0.298871461361897,0.471403978576894,0.015546055758824,-1,2547.24485854692,10449,0.110338065568743,0.243778816972621,"Subordinate","2021-03-07",462,147,-1,-1.69822231888778,-0.587216747883583,"nq22"
2022-06-12,"VZUM034","DominantM","M",0.092967475774729,0.562314113019284,0.149669001247242,0.195049409958745,0.542550129521251,0.10759368509566,1,2484.0130657928,10416,0.119706870538713,0.238480517069201,"DominantM","2018-04-07",1527,147,-2,-1.57990520853115,-0.464062210196847,"nq22"
2022-06-13,"VNQF013","DominantF","F",0.115612439179183,0.569177067907764,0.075206261899725,0.240004231013328,0.486037656018616,0.272509445381206,1,1712.72177977807,9439,0.0712582552177806,0.181451613494869,"DominantF","2019-11-12",944,147,27,0.624172319768349,1.37772644014844,"nq22"
2022-06-13,"VNQM028","Yearling","M",0.179609590494377,0.35508168894547,0.135158073413961,0.330150647146191,0.499151283683429,0.144515587656422,0.333333333333333,1916.56671538312,9417,0.092914042698857,0.203522004394512,"Subordinate","2021-03-07",463,147,23,0.158394291116453,0.420306038716415,"nq22"
2022-06-13,"VNQM029","Yearling","M",0.273975541729243,0.372237717228063,0.103411285131946,0.250375455910749,0.324179360652221,-0.0933646537444874,-1,1656.40429502345,9291,0.0724088943350719,0.178280518245986,"Subordinate","2021-03-07",463,147,5,-0.898794841903405,-1.75277723671198,"nq22"
2022-06-14,"VNQM028","Yearling","M",0.0779105361903821,0.509331490076034,0.152957440505579,0.259800533228004,0.574207563937988,0.306352469290195,-0.333333333333333,2811.64860091866,10122,0.180206919850316,0.27777599297754,"Subordinate","2021-03-07",464,147,30,0.768212311914797,0.263982323381752,"nq22"
2022-06-14,"VNQM029","Yearling","M",0.399940793368857,0.271363726070653,0.0515097690941385,0.277185711466351,0.25389776988356,-0.374815649001492,-1,2291.71328912886,10129,0.127188982460006,0.226252669476637,"Subordinate","2021-03-07",464,147,20,0.958114751952053,0.738792231473201,"nq22"
2022-06-15,"VNQF013","DominantF","F",0.0929234454536381,0.678710450144725,0.02365505539475,0.204711049006887,0.478989919153608,0.0680468068746542,0.333333333333333,2108.73241849843,10016,0.0669009861025316,0.210536383636026,"DominantF","2019-11-12",946,147,32,1.0004445698579,0.554158214771271,"nq22"
2022-06-15,"VNQM029","Yearling","M",0.219952867242734,0.268362136684996,0.135703063629222,0.375981932443048,0.429988216810683,-0.0284289016770915,-1,1854.10422565846,10181,0.067463023333957,0.182114156336162,"Subordinate","2021-03-07",465,147,11,-0.281195447677103,-0.90745136823972,"nq22"
2022-06-15,"VZUM034","DominantM","M",0.15793144679155,0.544539657233958,0.0612793941809486,0.236249501793543,0.462335591869271,0.0255898211422281,-0.333333333333333,1945.6196906339,10031,0.084600670920787,0.193960690921533,"DominantM","2018-04-07",1530,147,29,1.95652414677532,1.64449173481169,"nq22"
2022-06-29,"VECM009","DominantM","M",0.0929478138222849,0.567559943582511,0.0909732016925247,0.24851904090268,0.531875881523272,0.186574104663191,1,1774.92977092504,7055,0.135315322781944,0.251584659238134,"DominantM","2019-04-17",1169,156,13,-0.561912860539702,-0.808065985272071,"si22"
2022-06-29,"VSIF005","Sub-Adult","F",0.133374233128834,0.405766871165644,0.0695705521472393,0.391288343558282,0.506134969325153,0.0646803130582843,0.2,2230.19143309388,8131,0.138313172871538,0.274282552342132,"Juvenile","2021-07-02",362,156,22,0.997965409896352,1.94420834796976,"si22"
2022-06-29,"VSIM001","Eldest Sub","M",0.25201394733678,0.204641096549237,0.119033305278346,0.424311650835638,0.411446435012625,-0.154412298232251,-1,1897.83258054304,8299,0.174048773425742,0.228682079834081,"Subordinate","2021-05-27",398,156,20,-0.077139494049889,0.0472759470545932,"si22"
2022-06-29,"VSIM012","Sub-Adult","M",0.0934011411560407,0.574051103944431,0.0787645745472587,0.25378318035227,0.56561647233937,0.125721182242804,0.6,2683.41798393466,8043,0.163384662516692,0.333633965427659,"Juvenile","2021-12-12",199,156,11,-0.703705547433959,-1.05824728478551,"si22"
2022-06-29,"VZUF048","DominantF","F",0.0884699895917659,0.505493234647855,0.0574765814733434,0.348560194287036,0.46709841563548,0.0701266319757391,-0.6,1973.69127409943,8632,0.156511836417176,0.228648201355356,"DominantF","2019-05-09",1147,156,31,0.139083914812562,0.428784010688187,"si22"
2022-06-30,"VECM009","DominantM","M",0.0815994210240637,0.441107291478198,0.256196851818346,0.221096435679392,0.591279174959291,0.354211958303364,-0.6,1084.79021549697,5485,0.0880309127266918,0.197773968185409,"DominantM","2019-04-17",1170,156,20,0.0405468200084125,-0.31771697251626,"si22"
2022-06-30,"VSIM012","Sub-Adult","M",0.106472233320016,0.629644426687974,0.11865761086696,0.14522572912505,0.663803435876948,0.359063955888971,-0.2,1168.3380654916,4959,0.0916405566638457,0.235599529238072,"Juvenile","2021-12-12",200,156,29,0.700293037086535,0.520841159329193,"si22"
2022-06-30,"VZUF048","DominantF","F",0.046225272507065,0.585991118288252,0.178845377472749,0.188938231731934,0.687727089220832,0.368561840449924,0.6,1085.50873673805,4909,0.104975096204375,0.221126245006732,"DominantF","2019-05-09",1148,156,20,-0.474427613141372,-0.972265626880304,"si22"
2022-07-02,"VECM009","DominantM","M",0.21857210626186,0.454222011385199,0.086219165085389,0.240986717267552,0.360294117647059,-0.250753122930205,-1,1230.20210228513,8414,0.051540796072001,0.146208949641684,"DominantM","2019-04-17",1172,156,20,0.196146636849619,-0.206479187882085,"si22"
2022-07-02,"VSIF003","Sub-Adult","F",0.203984819734345,0.255574003795066,0.100687855787476,0.439753320683112,0.398244781783681,-0.117516481286014,-0.6,1259.55129313966,8414,0.0519221548726989,0.149697087371007,"Juvenile","2021-05-29",399,156,14,0.0124902458042109,-0.45060887137538,"si22"
2022-07-02,"VSIF005","Sub-Adult","F",0.106847343806212,0.39980813047128,0.128432665787265,0.364911859935244,0.541671663268977,0.0892044845817733,0.6,1768.94995069391,8320,0.0655949962875487,0.212614176766095,"Juvenile","2021-07-02",365,156,21,0.861104486453769,0.677432057657454,"si22"
2022-07-02,"VSIM012","Sub-Adult","M",0.119238950602694,0.527062160245805,0.054242495863862,0.299456393287639,0.443866698180099,-0.0587475951906274,-0.2,1976.16943730441,8444,0.0727933429904137,0.234032382437755,"Juvenile","2021-12-12",202,156,47,2.01782211453357,2.21502683901422,"si22"
2022-07-02,"VZUF048","DominantF","F",0.0704877180491278,0.305446778212887,0.264032277204225,0.360033226533761,0.661920018986591,0.324466418034483,1,1466.26503637355,8409,0.0464536628463684,0.174368538039428,"DominantF","2019-05-09",1150,156,28,0.172053939930983,-0.238504985839708,"si22"
2022-07-03,"VECM009","DominantM","M",0.0902168897092755,0.498615597600369,0.14443931702815,0.266728195662206,0.482233502538071,0.0264374799449948,0.5,1368.40741025813,4312,0.27370713563898,0.317348657295486,"DominantM","2019-04-17",1173,156,20,0.476594401211611,-0.221159966205887,"si22"
2022-07-03,"VSIF003","Sub-Adult","F",0.273969534050179,0.221326164874552,0.028673835125448,0.476030465949821,0.448700716845878,-0.12896096592161,-0.5,1095.94528898622,4442,0.183116305102063,0.246723387885237,"Juvenile","2021-05-29",400,156,24,1.15143810398675,0.639245674262101,"si22"
2022-07-03,"VSIF005","Sub-Adult","F",0.0460556315549476,0.499088007295942,0.255357957136343,0.199498404012768,0.671454628362973,0.341384385279021,1,1465.01966444603,4364,0.252310688135463,0.335705697627413,"Juvenile","2021-07-02",366,156,23,1.03539420820323,0.491293160126706,"si22"
2022-07-03,"VSIM012","Sub-Adult","M",0.155575952271684,0.462138595686095,0.188389169343736,0.193896282698486,0.505277650298302,0.0440174565024595,0,1510.92919290494,4335,0.217813429524539,0.34854191301152,"Juvenile","2021-12-12",203,156,30,0.738737423343879,0.11306458671564,"si22"
2022-07-03,"VZUF048","DominantF","F",0.30104119511091,0.279764599366229,0.0387052965142598,0.380488909008601,0.267768220914441,-0.380404534483197,-1,1038.04752929008,4397,0.172052847509079,0.236080857241318,"DominantF","2019-05-09",1151,156,25,0.572715583944157,-0.0986083183925659,"si22"
2022-07-12,"VMPF022","DominantF","F",0.0381751566008746,0.544852854272545,0.0616948351258716,0.355277154000709,0.611157073631958,0.261272322441835,0.5,1900.07368181013,8455,0.111758259550436,0.22472781570788,"DominantF","2018-12-21",1299,152,18,0.364999360681367,-0.419070999962053,"rw22"
2022-07-12,"VRWF008","Yearling","F",0.196973279735162,0.313785764956254,0.0989595649089619,0.390281390399622,0.455426814849846,0.0130801960829294,-0.75,1830.56998774142,8452,0.0972590364429192,0.216584238966093,"Subordinate","2021-07-30",347,152,23,0.841335247998752,0.00384535842314384,"rw22"
2022-07-12,"VRWF016","Juvenile","F",0.102378121284185,0.572770511296076,0.0782401902497027,0.246611177170036,0.625921521997622,0.230225849904624,0,1911.99691427977,8403,0.128082871473848,0.227537416908219,"Juvenile","2022-03-04",130,152,4,-0.756648346550023,-1.4149295450843,"rw22"
2022-07-12,"VRWM005","Yearling","M",0.136857176947858,0.414509008471543,0.18434554349123,0.264288271089369,0.52845722467486,0.236502401611128,0.25,1653.04108211132,8369,0.121399336164418,0.197519546195641,"Subordinate","2021-02-06",521,152,57,1.92208767480247,0.963394896531418,"rw22"
2022-07-12,"VRWM009","Sub-Adult","M",0.0934170021311864,0.458441865972058,0.0816954771489462,0.36644565474781,0.564409187781198,0.26010846772063,0.75,2019.32576980834,8440,0.137622867022354,0.239256607797197,"Juvenile","2021-12-15",209,152,20,0.215310687935995,-0.551972572265392,"rw22"
2022-07-12,"VRWM012","Juvenile","M",0.110420475319927,0.488848263254113,0.0881170018281536,0.312614259597806,0.572212065813528,0.206957385096317,-0.5,1877.07692322495,8198,0.0979027793706848,0.228967665677598,"Juvenile","2022-03-04",130,152,38,2.51326124197276,1.48827026044592,"rw22"
2022-07-13,"VJXM122","DominantM","M",0.119397103733622,0.629199093685351,0.0938823761205793,0.157521426460447,0.624174958132204,0.225053414612813,1,2844.45710842816,10146,0.196936452960538,0.280352563416929,"DominantM","2018-12-01",1320,152,20,0.948980462561163,1.20089102447647,"rw22"
2022-07-13,"VMPF022","DominantF","F",0.216096698113208,0.586379716981132,0.0685927672955975,0.128930817610063,0.563089622641509,0.0959020108013073,0.111111111111111,2759.79325861747,10172,0.182910499796436,0.271312746619885,"DominantF","2018-12-21",1300,152,16,-0.144946788402803,-0.0401275868305978,"rw22"
2022-07-13,"VRWF002","Eldest Sub","F",0.13901705115346,0.516950852557673,0.202808425275827,0.141223671013039,0.518655967903711,0.0997375889782981,0.777777777777778,2961.58719926464,9963,0.247773484575376,0.297258576660107,"Subordinate","2021-02-06",522,152,0,-0.967371799252579,-0.973137294715288,"rw22"
2022-07-13,"VRWF008","Yearling","F",0.199800895968143,0.477053260328522,0.0906918865107018,0.232453957192633,0.510602289696366,0.0350088576187002,-0.111111111111111,3287.54295597524,10038,0.233017228460775,0.327509758515166,"Subordinate","2021-07-30",348,152,13,-0.0872041440393895,0.0253792338998809,"rw22"
2022-07-13,"VRWF016","Juvenile","F",0.154547255795522,0.603427778878542,0.0783633841886269,0.163661581137309,0.533881513770557,0.0748486471454517,-0.555555555555556,3049.01151200194,10089,0.201306803855387,0.302211469124982,"Juvenile","2022-03-04",131,152,9,-0.253385782153158,-0.163147476240076,"rw22"
2022-07-13,"VRWM001","Eldest Sub","M",0.165395423524689,0.469490164592533,0.224106784423926,0.141007627458852,0.636491368928141,0.176987464255129,0.555555555555556,2815.3572964375,9958,0.23023967340492,0.282723166944919,"Subordinate","2021-02-06",522,152,8,-0.741403727519283,-0.716785163131513,"rw22"
2022-07-13,"VRWM005","Yearling","M",0.277253563541458,0.185203774342502,0.234089540252961,0.30345312186308,0.477012648062638,0.0342496601094839,-0.333333333333333,2889.26037504036,9954,0.231591098148016,0.290261239204376,"Subordinate","2021-02-06",522,152,14,-0.358376166053003,-0.28225504972192,"rw22"
2022-07-13,"VRWM009","Sub-Adult","M",0.29505107606863,0.376673609044927,0.107606863036795,0.220668451849648,0.38837647525538,-0.11360084091961,-1,3146.12059472472,10079,0.242160143589695,0.312146105241068,"Juvenile","2021-12-15",210,152,29,0.806205002978749,1.0389177283331,"rw22"
2022-07-13,"VRWM012","Juvenile","M",0.143086333099368,0.519703198636318,0.0963601724656573,0.240850295798656,0.501955279253986,0.12081076414692,0.333333333333333,3520.86886695048,9964,0.236753987897794,0.353358979019518,"Juvenile","2022-03-04",131,152,20,0.397918479533665,0.575732288995412,"rw22"
