"date","code","status","sex","back","center","front","side","front.bin","meanRank","meanPositionRanked","status2","dob","ageDays"
2017-08-06,"VCVM001","DominantM","M",0.363627766219028,0.25307357669756,0.0406657839984869,0.342632873084925,0.265935313031965,-0.337259186722696,-1,"DominantM",2011-12-21,2055
2017-08-06,"VHMF001","Yearling","F",0.214845640181941,0.442175554050131,0.0827446046646666,0.260234201103261,0.484467240878738,0.0763154607692133,-0.666666666666667,"Subordinate",2016-10-27,283
2017-08-06,"VHMM002","Yearling","M",0.0747422680412371,0.404044409199048,0.193398096748612,0.327815226011102,0.636300555114988,0.402971826839679,0.666666666666667,"Subordinate",2016-10-27,283
2017-08-06,"VHMM003","Yearling","M",0.0814130641782518,0.501333079413445,0.148733574557227,0.268520281851076,0.653304132546182,0.328176264406927,0.333333333333333,"Subordinate",2016-10-27,283
2017-08-06,"VHMM006","Sub-Adult","M",0.154091700522345,0.411781775972142,0.104855871541884,0.329270651963629,0.502128071193654,0.147734843529752,-0.333333333333333,"Juvenile",2016-12-28,221
2017-08-06,"VHMM007","Sub-Adult","M",0.0860706464819575,0.62334571074931,0.125011901361516,0.165571741407217,0.677806341045416,0.29196969754204,0,"Juvenile",2016-12-28,221
2017-08-06,"VLF206","DominantF","F",0.0420970571038784,0.394465016565972,0.189923991424674,0.373513934905477,0.659715455076983,0.428498578728087,1,"DominantF",2013-08-21,1446
2017-08-07,"VCVM001","DominantM","M",0.246649329865973,0.360572114422885,0.128325665133027,0.264452890578116,0.471994398879776,-0.0054751965980978,-0.6,"DominantM",2011-12-21,2056
2017-08-07,"VHMF001","Yearling","F",0.132516815580765,0.618913763678345,0.0994880032125289,0.149081417528361,0.531974701335207,0.159061760200364,0.2,"Subordinate",2016-10-27,284
2017-08-07,"VHMM002","Yearling","M",0.276704374812294,0.303133446791471,0.211432575833417,0.208729602562819,0.47702472719992,-0.00393492721454157,-1,"Subordinate",2016-10-27,284
2017-08-07,"VHMM006","Sub-Adult","M",0.0985394157663065,0.638155262104842,0.0670268107242897,0.196278511404562,0.515506202480992,0.16695608759734,-0.2,"Juvenile",2016-12-28,222
2017-08-07,"VHMM007","Sub-Adult","M",0.0339645326119627,0.684300170323615,0.132451658150486,0.149283638913936,0.699829676385132,0.382004334246916,0.6,"Juvenile",2016-12-28,222
2017-08-07,"VLF206","DominantF","F",0.127435492364402,0.35724065297525,0.24044233807267,0.274881516587678,0.726171669299631,0.384367997753618,1,"DominantF",2013-08-21,1447
2017-08-08,"VCVM001","DominantM","M",0.511717932621887,0.267210713538397,0.0382925298179535,0.182778824021762,0.193032015065913,-0.547705323814058,-1,"DominantM",2011-12-21,2057
2017-08-08,"VHMM002","Yearling","M",0.0770517511761631,0.206272869837951,0.253319393622582,0.463355985363304,0.635859905906952,0.401567223613303,0.5,"Subordinate",2016-10-27,285
2017-08-08,"VHMM006","Sub-Adult","M",0.144459586958801,0.491665793060069,0.154838033336828,0.209036586644302,0.629101582975155,0.239366558937411,-0.5,"Juvenile",2016-12-28,223
2017-08-08,"VHMM007","Sub-Adult","M",0.0435372729171017,0.643036124451869,0.114115681770725,0.199310920860305,0.67404468573815,0.341535614703961,0,"Juvenile",2016-12-28,223
2017-08-08,"VLF206","DominantF","F",0.07740232312566,0.398838437170011,0.216261879619852,0.307497360084477,0.693030623020063,0.45374338181731,1,"DominantF",2013-08-21,1448
2017-08-09,"VCVM001","DominantM","M",0.211877249479068,0.24275430952832,0.12890698996022,0.416461451032393,0.479541579844668,0.0113119320128545,0,"DominantM",2011-12-21,2058
2017-08-09,"VHMM002","Yearling","M",0.144207802547771,0.369227707006369,0.160031847133758,0.326532643312102,0.481190286624204,0.0758745401302759,-1,"Subordinate",2016-10-27,286
2017-08-09,"VHMM006","Sub-Adult","M",0.13727959697733,0.524123231931796,0.112865723696958,0.225731447393916,0.546018213524511,0.160357676855946,0.5,"Juvenile",2016-12-28,224
2017-08-09,"VHMM007","Sub-Adult","M",0.0720993934650753,0.546272745059675,0.132165916650362,0.249461944824888,0.564860105654471,0.205913313830382,1,"Juvenile",2016-12-28,224
2017-08-09,"VLF206","DominantF","F",0.205161810666398,0.337433208992842,0.062405484423833,0.394999495916927,0.384514568000807,-0.104048635174037,-0.5,"DominantF",2013-08-21,1449
2017-08-10,"VCVM001","DominantM","M",0.229549988915983,0.555309244070051,0.00953225448902682,0.205608512524939,0.174019064508978,-0.300525950646037,-0.333333333333333,"DominantM",2011-12-21,2059
2017-08-10,"VHMM002","Yearling","M",0.0793703214442977,0.406759136944078,0.194627917217085,0.31924262439454,0.67107001321004,0.633253324833227,1,"Subordinate",2016-10-27,287
2017-08-10,"VHMM006","Sub-Adult","M",0.30294499783456,0.416522304027718,0.0325898657427458,0.247942832394976,0.314854915547856,-0.129161756587258,-1,"Juvenile",2016-12-28,225
2017-08-10,"VLF206","DominantF","F",0.139755317976414,0.607957676622947,0.0832139314449465,0.169073073955693,0.500055108563871,0.0227670097311322,0.333333333333333,"DominantF",2013-08-21,1450
2017-08-11,"VCVM001","DominantM","M",0.202584081270342,0.484268665548871,0.103757767038169,0.209389486142618,0.4997534273597,0.0544296816637198,-0.333333333333333,"DominantM",2011-12-21,2060
2017-08-11,"VHMM002","Yearling","M",0.147122585731179,0.523255813953488,0.0763697280252267,0.253251872290106,0.504927079227434,0.120363732344879,0.333333333333333,"Subordinate",2016-10-27,288
2017-08-11,"VHMM006","Sub-Adult","M",0.208772794480039,0.64228684080828,0.00965993100049285,0.139280433711188,0.209167077378019,-0.319899559997225,-1,"Juvenile",2016-12-28,226
2017-08-11,"VLF206","DominantF","F",0.137560398382802,0.349768267429248,0.13499654866384,0.37767478552411,0.48535647372054,0.240200587570745,1,"DominantF",2013-08-21,1451
2017-08-12,"VCVM001","DominantM","M",0.466504685872961,0.335647344671989,0.0853870183963901,0.11246095105866,0.238111766747657,-0.432632633117858,-1,"DominantM",2011-12-21,2061
2017-08-12,"VHMM002","Yearling","M",0.0768688293370945,0.667842031029619,0.0916784203102962,0.16361071932299,0.724612129760226,0.589804178669436,1,"Subordinate",2016-10-27,289
2017-08-12,"VHMM003","Yearling","M",0.267462902642056,0.411147303655447,0.113282663771263,0.208107129931234,0.514296055012667,0.227477942269532,0.333333333333333,"Subordinate",2016-10-27,289
2017-08-12,"VLF206","DominantF","F",0.199275362318841,0.578985507246377,0.108695652173913,0.11304347826087,0.507608695652174,0.303000429233444,-0.333333333333333,"DominantF",2013-08-21,1452
2017-08-14,"VCVM001","DominantM","M",0.17284071926894,0.383904883560971,0.121155546821264,0.322098850348826,0.491500442173529,0.15734160314324,-0.333333333333333,"DominantM",2011-12-21,2063
2017-08-14,"VHMM003","Yearling","M",0.200118354867344,0.440280106519381,0.0357037183154157,0.32389782029786,0.301706282670875,-0.268243214747925,-1,"Subordinate",2016-10-27,291
2017-08-14,"VHMM007","Sub-Adult","M",0.0543949546708711,0.66495861253449,0.0810997240835633,0.199546708711076,0.603961371698857,0.376782360180191,1,"Juvenile",2016-12-28,229
2017-08-14,"VLF206","DominantF","F",0.164199723702388,0.509275705545688,0.070653246496941,0.255871324254983,0.591868955989738,0.180867227141077,0.333333333333333,"DominantF",2013-08-21,1454
2017-08-21,"VCVM001","DominantM","M",0.225155612792445,0.500214638334406,0.112255848894613,0.162373899978536,0.535951921013093,0.354607731472436,0.333333333333333,"DominantM",2011-12-21,2070
2017-08-21,"VHMF001","Yearling","F",0.0131293402777778,0.591362847222222,0.132269965277778,0.263237847222222,0.712131076388889,0.565707537195154,1,"Subordinate",2016-10-27,298
2017-08-21,"VHMM002","Yearling","M",0.194187160651549,0.498669221760886,0.0638773554774832,0.243266262110082,0.37698285957628,0.121679714499432,-0.333333333333333,"Subordinate",2016-10-27,298
2017-08-21,"VLF206","DominantF","F",0.327484742807323,0.403116826503923,0.0673496076721883,0.202048823016565,0.39548823016565,-0.524356793300656,-1,"DominantF",2013-08-21,1461
2017-08-22,"VCVM001","DominantM","M",0.07784370914211,0.53625666297898,0.0714070200140803,0.31449260786483,0.45288142411747,0.0739003933390411,-0.2,"DominantM",2011-12-21,2071
2017-08-22,"VHMF001","Yearling","F",0.279556775439667,0.460302937887567,0.0837653756226492,0.176374911050117,0.326014028667277,-0.20292033339794,-1,"Subordinate",2016-10-27,299
2017-08-22,"VHMM002","Yearling","M",0.207219115404169,0.365734621250635,0.0906964921199797,0.336349771225216,0.410371123538383,-0.0360393475904189,-0.6,"Subordinate",2016-10-27,299
2017-08-22,"VHMM006","Sub-Adult","M",0.0933597002497918,0.552768526228143,0.122710241465445,0.231161532056619,0.552039966694421,0.213523419551494,0.2,"Juvenile",2016-12-28,237
2017-08-22,"VHMM007","Sub-Adult","M",0.0484422110552764,0.724020100502513,0.0873366834170854,0.140201005025126,0.542914572864322,0.186235934207504,0.6,"Juvenile",2016-12-28,237
2017-08-22,"VLF206","DominantF","F",0.128043747420553,0.331923235658275,0.186648782501032,0.35338423442014,0.515373503920759,0.144428915157014,1,"DominantF",2013-08-21,1462
2017-08-23,"VCVM001","DominantM","M",0.17493209938638,0.377326224725883,0.111055225832411,0.336686450055326,0.445729805854542,-0.045463660237573,-0.333333333333333,"DominantM",2011-12-21,2072
2017-08-23,"VHMF001","Yearling","F",0.0415076335877863,0.550763358778626,0.143511450381679,0.264217557251908,0.668797709923664,0.324213052121391,0.666666666666667,"Subordinate",2016-10-27,300
2017-08-23,"VHMM002","Yearling","M",0.158145065398335,0.385796130148092,0.179007674845963,0.27705112960761,0.570208626094476,0.20609729795907,0,"Subordinate",2016-10-27,300
2017-08-23,"VHMM003","Yearling","M",0.252995293110826,0.426294394522893,0.0499572100984168,0.270753102267865,0.213628583654258,-0.25170642374598,-1,"Subordinate",2016-10-27,300
2017-08-23,"VHMM006","Sub-Adult","M",0.16452686638136,0.450118877793628,0.108131241084165,0.277223014740846,0.452686638135996,0.0374518355262836,-0.666666666666667,"Juvenile",2016-12-28,238
2017-08-23,"VHMM007","Sub-Adult","M",0.050218755944455,0.617937987445311,0.0850294844968613,0.246813772113373,0.534905839832604,0.124051425798193,0.333333333333333,"Juvenile",2016-12-28,238
2017-08-23,"VLF206","DominantF","F",0.13876743701853,0.277326670830731,0.2140328961066,0.369872996044139,0.620029148448886,0.257694972028737,1,"DominantF",2013-08-21,1463
2017-08-24,"VCVM001","DominantM","M",0.185804791130469,0.496337358938824,0.110473173628984,0.207384676301722,0.501979805979014,0.0331200623160544,0,"DominantM",2011-12-21,2073
2017-08-24,"VHMF001","Yearling","F",0.0484678549969958,0.515021029441218,0.167133987582616,0.269377127979171,0.698177448427799,0.347212399978516,1,"Subordinate",2016-10-27,301
2017-08-24,"VHMM002","Yearling","M",0.147349969065787,0.387090121674572,0.108475974427717,0.357083934831924,0.495256753969891,0.121609019316894,-0.333333333333333,"Subordinate",2016-10-27,301
2017-08-24,"VHMM003","Yearling","M",0.239459680720426,0.48123891390367,0.0983763132760267,0.180925092099877,0.371264838313549,-0.140745969493267,-0.666666666666667,"Subordinate",2016-10-27,301
2017-08-24,"VHMM006","Sub-Adult","M",0.228632916581267,0.422320147571224,0.0704037712646034,0.278643164582906,0.434515269522443,-0.0270170935951152,-1,"Juvenile",2016-12-28,239
2017-08-24,"VHMM007","Sub-Adult","M",0.0378614727218523,0.605684189605485,0.197257279141409,0.159197058531253,0.613534731193481,0.213975496035079,0.666666666666667,"Juvenile",2016-12-28,239
2017-08-24,"VLF206","DominantF","F",0.204642894489177,0.205793161141901,0.150475792115445,0.439088152253477,0.508313290808324,0.0856009637649729,0.333333333333333,"DominantF",2013-08-21,1464
2017-08-25,"VCVM001","DominantM","M",0.167747082876234,0.621222698713474,0.0568465144110901,0.154183703999202,0.421162860277251,-0.0584445274133575,-0.666666666666667,"DominantM",2011-12-21,2074
2017-08-25,"VHMF001","Yearling","F",0.164341239784732,0.315527207494519,0.228722344030297,0.291409208690452,0.562786525812238,0.129802904682278,0.666666666666667,"Subordinate",2016-10-27,302
2017-08-25,"VHMM002","Yearling","M",0.226706231454006,0.174480712166172,0.227101879327399,0.371711177052423,0.495450049455984,0.0357554977342704,-1,"Subordinate",2016-10-27,302
2017-08-25,"VHMM003","Yearling","M",0.194430118617844,0.424651882413615,0.184218669417225,0.196699329551315,0.526766374419804,0.081469174480182,0.333333333333333,"Subordinate",2016-10-27,302
2017-08-25,"VHMM006","Sub-Adult","M",0.0885141203472707,0.512324119349366,0.212054685161162,0.187107075142201,0.589462129527991,0.168435133790677,1,"Juvenile",2016-12-28,240
2017-08-25,"VHMM007","Sub-Adult","M",0.0980940025945514,0.652130525895619,0.0846222931843129,0.165153178325516,0.461530785350763,0.0700939078005659,-0.333333333333333,"Juvenile",2016-12-28,240
2017-08-25,"VLF206","DominantF","F",0.136018621597004,0.320514118004251,0.128833114057282,0.414634146341463,0.484869952433964,0.117864693984899,0,"DominantF",2013-08-21,1465
2017-09-03,"VCVM001","DominantM","M",0.0411925138719082,0.408539452647418,0.250352675632465,0.299915357848208,0.735540299068936,0.43367125817289,0.6,"DominantM",2011-12-21,2083
2017-09-03,"VHMF001","Yearling","F",0.200225712404778,0.516223079093388,0.0895325872284398,0.194018621273394,0.45405812094423,-0.0283502191790947,-0.2,"Subordinate",2016-10-27,311
2017-09-03,"VHMM002","Yearling","M",0.249407751350327,0.470861366436085,0.0697432009855018,0.209987681228087,0.457879276035251,-0.0807578832222904,-0.6,"Subordinate",2016-10-27,311
2017-09-03,"VHMM006","Sub-Adult","M",0.299416964453639,0.458905397780703,0.0436336279857062,0.198044009779951,0.292552191085198,-0.259866114320024,-1,"Juvenile",2016-12-28,249
2017-09-03,"VHMM007","Sub-Adult","M",0.130804131672941,0.70112945264987,0.0621681629500917,0.105898252727097,0.560864948354088,0.0860417354247169,0.2,"Juvenile",2016-12-28,249
2017-09-03,"VLF206","DominantF","F",0.0913661202185792,0.370054644808743,0.266666666666667,0.271912568306011,0.686338797814208,0.382547799125959,1,"DominantF",2013-08-21,1474
2017-09-04,"VCVM001","DominantM","M",0.105585896330363,0.442464309667529,0.0821117179266073,0.369838076075501,0.566446296828591,0.196420288573287,-0.2,"DominantM",2011-12-21,2084
2017-09-04,"VHMM002","Yearling","M",0.1041054328245,0.506589551531241,0.131696216933725,0.257608798710534,0.624442969564805,0.344786520094927,0.6,"Subordinate",2016-10-27,312
2017-09-04,"VHMM003","Yearling","M",0.270047288459604,0.421269745447228,0.05201730556394,0.256665660529228,0.366032800080491,-0.163712230254347,-0.6,"Subordinate",2016-10-27,312
2017-09-04,"VHMM006","Sub-Adult","M",0.27412344248044,0.512798222737371,0.0223123732251521,0.190765961557037,0.305225538491259,-0.2589028228756,-1,"Juvenile",2016-12-28,250
2017-09-04,"VHMM007","Sub-Adult","M",0.1125,0.717293233082707,0.0556390977443609,0.114567669172932,0.528289473684211,0.127828311497841,0.2,"Juvenile",2016-12-28,250
2017-09-04,"VLF206","DominantF","F",0.093068159876424,0.34900559953659,0.258351033017957,0.299575207569029,0.673971809229581,0.38566407468344,1,"DominantF",2013-08-21,1475
2017-09-05,"VCVM001","DominantM","M",0.18052048941542,0.365410759370752,0.161778986210915,0.292289765002913,0.516313847349,0.0537061445282453,-0.6,"DominantM",2011-12-21,2085
2017-09-05,"VHMM002","Yearling","M",0.0828985507246377,0.488792270531401,0.165507246376812,0.26280193236715,0.66463768115942,0.356861090252682,0.6,"Subordinate",2016-10-27,313
2017-09-05,"VHMM003","Yearling","M",0.094836049479678,0.589436481445121,0.10475161987041,0.210975849204791,0.575201256626743,0.190951532172526,0.2,"Subordinate",2016-10-27,313
2017-09-05,"VHMM006","Sub-Adult","M",0.386017647629206,0.38844177252012,0.0230776689615049,0.202462910889169,0.197517696111704,-0.466748322694589,-1,"Juvenile",2016-12-28,251
2017-09-05,"VHMM007","Sub-Adult","M",0.0724777734827986,0.761016621569385,0.0469655972168535,0.119540007730963,0.49507151140317,0.0716063539917213,-0.2,"Juvenile",2016-12-28,251
2017-09-05,"VLF206","DominantF","F",0.0656618988192378,0.388499568013824,0.185370068157819,0.36046846500912,0.704137467601037,0.430901484474023,1,"DominantF",2013-08-21,1476
2017-09-06,"VCVM001","DominantM","M",0.293724279835391,0.460133744855967,0.0578703703703704,0.188271604938272,0.359439300411523,-0.12966877656177,-1,"DominantM",2011-12-21,2086
2017-09-06,"VHMM003","Yearling","M",0.330034213098729,0.367302052785924,0.0557184750733138,0.246945259042033,0.300708699902248,-0.439959282861047,0,"Subordinate",2016-10-27,314
2017-09-06,"VLF206","DominantF","F",0.0308965517241379,0.180965517241379,0.417655172413793,0.37048275862069,0.756,0.585098510275692,1,"DominantF",2013-08-21,1477
2017-09-07,"VCVM001","DominantM","M",0.226316299815767,0.442839135072239,0.0624454571899544,0.26839910792204,0.419276641132551,-0.115082917773475,-1,"DominantM",2011-12-21,2087
2017-09-07,"VHMM002","Yearling","M",0.18560157790927,0.255818540433925,0.123570019723866,0.435009861932939,0.43698224852071,0.015049030287641,-0.5,"Subordinate",2016-10-27,315
2017-09-07,"VHMM003","Yearling","M",0.176089954386337,0.38888299565079,0.0627983451787419,0.372228704784131,0.446165269969237,-0.00791966455342321,0,"Subordinate",2016-10-27,315
2017-09-07,"VHMM007","Sub-Adult","M",0.110799031476998,0.681743341404358,0.0771912832929782,0.130266343825666,0.533462469733656,0.115919526391118,0.5,"Juvenile",2016-12-28,253
2017-09-07,"VLF206","DominantF","F",0.110430700142886,0.263523167993468,0.242600530720555,0.38344560114309,0.615329659114105,0.395408537672453,1,"DominantF",2013-08-21,1478
2017-09-08,"VCVM001","DominantM","M",0.225392156862745,0.296862745098039,0.158137254901961,0.319607843137255,0.449509803921569,-0.0534687852321824,-1,"DominantM",2011-12-21,2088
2017-09-08,"VHMM002","Yearling","M",0.214554579673777,0.391661036579481,0.132805713734196,0.260978670012547,0.435382685069009,-0.0329880465545041,-0.5,"Subordinate",2016-10-27,316
2017-09-08,"VHMM003","Yearling","M",0.120850680769664,0.415775852368628,0.247215033194554,0.216158433667154,0.650613255316755,0.224791555190161,1,"Subordinate",2016-10-27,316
2017-09-08,"VHMM007","Sub-Adult","M",0.145815274968699,0.557545988635269,0.111913705094867,0.184725031301165,0.520755080419917,0.113935132480551,0.5,"Juvenile",2016-12-28,254
2017-09-08,"VLF206","DominantF","F",0.188806124560315,0.383405752120836,0.163563004345127,0.264225118973722,0.51282847092903,0.0685268804949677,0,"DominantF",2013-08-21,1479
2019-06-23,"VCVM001","DominantM","M",0.129035951454087,0.407716968170369,0.183879093198992,0.279367987176551,0.611518204717197,0.297218831319234,0.555555555555556,"DominantM",2011-12-21,2741
2019-06-23,"VHMF001","DominantF","F",0.0612899775377046,0.573002460156166,0.205690448176276,0.160017114129853,0.601454701037544,0.232523014234247,0.777777777777778,"DominantF",2016-10-27,969
2019-06-23,"VHMF010","Adult","F",0.317251008377288,0.41948495190816,0.158858206639777,0.104405833074775,0.444306546695625,0.0795468412149687,-0.555555555555556,"Subordinate",2017-09-01,660
2019-06-23,"VHMF015","Yearling","F",0.171490593342981,0.508993177589415,0.11784163737854,0.201674591689063,0.545069257804424,0.132718706764195,-0.111111111111111,"Subordinate",2018-05-15,404
2019-06-23,"VHMF022","Sub-Adult","F",0.36514894888911,0.391650891700707,0.0629670220185314,0.180233137391651,0.300388562319418,-0.213283387280549,-1,"Juvenile",2018-09-26,270
2019-06-23,"VHMM007","Adult","M",0.205785863405905,0.4344368227458,0.137985883288597,0.221791430559698,0.524306591112437,0.0762641119065229,0.111111111111111,"Subordinate",2016-12-28,907
2019-06-23,"VHMM014","Yearling","M",0.162250669842215,0.566736131785254,0.139724124243326,0.131289074129205,0.582216929641758,0.124590561531663,0.333333333333333,"Subordinate",2018-05-15,404
2019-06-23,"VHMM016","Yearling","M",0.271104536489152,0.420118343195266,0.161439842209073,0.147337278106509,0.474161735700197,0.0224955598755675,-0.777777777777778,"Subordinate",2018-05-15,404
2019-06-23,"VHMM017","Yearling","M",0.228511309836928,0.374013677012099,0.256075749605471,0.141399263545502,0.58400841662283,0.286559945158946,1,"Subordinate",2018-05-15,404
2019-06-23,"VHMM021","Sub-Adult","M",0.146780592004883,0.609093683246872,0.0831044654663819,0.161021259281864,0.493439121147391,0.097680015100331,-0.333333333333333,"Juvenile",2018-09-26,270
2019-06-24,"VCVM001","DominantM","M",0.099671052631579,0.481578947368421,0.0585526315789474,0.360197368421053,0.482236842105263,0.0567892463447771,-0.333333333333333,"DominantM",2011-12-21,2742
2019-06-24,"VHMF001","DominantF","F",0.0389671361502347,0.476525821596244,0.0943661971830986,0.390140845070423,0.759507042253521,0.511672201234101,1,"DominantF",2016-10-27,970
2019-06-24,"VHMF015","Yearling","F",0.172713791398913,0.447157686604053,0.0800790904597133,0.300049431537321,0.387543252595156,-0.0840800171986792,-0.777777777777778,"Subordinate",2018-05-15,405
2019-06-24,"VHMF022","Sub-Adult","F",0.0798863636363636,0.507386363636364,0.0854545454545454,0.327272727272727,0.627727272727273,0.272496299420093,0.555555555555556,"Juvenile",2018-09-26,271
2019-06-24,"VHMM007","Adult","M",0.0849911364979318,0.474689777427615,0.123793578885168,0.316525507189285,0.561847547764428,0.176629371147839,0.111111111111111,"Subordinate",2016-12-28,908
2019-06-24,"VHMM008","Adult","M",0.204981785960421,0.273407502215221,0.0344589937973811,0.487151718026976,0.375603032391454,-0.12708553695802,-1,"Subordinate",2017-09-01,661
2019-06-24,"VHMM014","Yearling","M",0.145008311332747,0.500440011733646,0.0851667155568593,0.269384961376748,0.50425344675858,0.0836608093857863,-0.111111111111111,"Subordinate",2018-05-15,405
2019-06-24,"VHMM016","Yearling","M",0.0576904176904177,0.777592137592138,0.0436363636363636,0.121081081081081,0.563144963144963,0.180715480769844,0.333333333333333,"Subordinate",2018-05-15,405
2019-06-24,"VHMM017","Yearling","M",0.0742879514534599,0.576685915630811,0.100420867182147,0.248605265733581,0.658901830282862,0.351382452681788,0.777777777777778,"Subordinate",2018-05-15,405
2019-06-24,"VHMM021","Sub-Adult","M",0.113131905739709,0.360809621589909,0.0518236041850005,0.474234868485382,0.462501222254816,0.064410032977053,-0.555555555555556,"Juvenile",2018-09-26,271
2019-06-25,"VCVM001","DominantM","M",0.177844998435381,0.479294878481277,0.0483988734744967,0.294461249608845,0.28110983623657,-0.166180176552461,-1,"DominantM",2011-12-21,2743
2019-06-25,"VHMF001","DominantF","F",0.0315054835493519,0.495413758723829,0.187637088733799,0.285443668993021,0.706779661016949,0.45830681508838,1,"DominantF",2016-10-27,971
2019-06-25,"VHMF015","Yearling","F",0.183756938358165,0.473658584088032,0.0561885285811666,0.286395948972636,0.410263901061447,-0.0634407929619959,-0.428571428571429,"Subordinate",2018-05-15,406
2019-06-25,"VHMM007","Adult","M",0.0541494280846921,0.488926746166951,0.141761985884643,0.315161839863714,0.606108542224385,0.283160174836141,0.428571428571429,"Subordinate",2016-12-28,909
2019-06-25,"VHMM014","Yearling","M",0.0811339198435973,0.48435972629521,0.184506353861193,0.25,0.672043010752688,0.355001886450673,0.714285714285714,"Subordinate",2018-05-15,406
2019-06-25,"VHMM016","Yearling","M",0.16708984375,0.4705078125,0.0638671875,0.29853515625,0.5064453125,0.0673558713331525,-0.142857142857143,"Subordinate",2018-05-15,406
2019-06-25,"VHMM017","Yearling","M",0.128712871287129,0.417508087442408,0.141946867954122,0.311832173316342,0.551122438976571,0.21036866232826,0.142857142857143,"Subordinate",2018-05-15,406
2019-06-25,"VHMM021","Sub-Adult","M",0.216494845360825,0.616838487972509,0.0289232531500573,0.137743413516609,0.437189767086674,-0.0135679281024681,-0.714285714285714,"Juvenile",2018-09-26,272
2019-06-26,"VCVM001","DominantM","M",0.329930951666166,0.424797358150706,0.0312218552987091,0.214049834884419,0.435604923446412,-0.0997697488326273,-0.75,"DominantM",2011-12-21,2744
2019-06-26,"VHMF001","DominantF","F",0.0185925629748101,0.545381847261096,0.216613354658137,0.219412235105958,0.787684926029588,0.556755187816776,1,"DominantF",2016-10-27,972
2019-06-26,"VHMF015","Yearling","F",0.101544175136826,0.513096168881939,0.12812744331509,0.257232212666145,0.642689601250977,0.257214962013928,0.25,"Subordinate",2018-05-15,407
2019-06-26,"VHMM007","Adult","M",0.350373460083422,0.269182267921234,0.0571345426326511,0.323309729362693,0.225822097196624,-0.348071028091091,-1,"Subordinate",2016-12-28,910
2019-06-26,"VHMM008","Adult","M",0.216309535899259,0.36813242611963,0.0803290342236214,0.33522900375749,0.421955925662638,-0.044655873575026,-0.5,"Subordinate",2017-09-01,663
2019-06-26,"VHMM014","Yearling","M",0.0565447074936412,0.554881627861475,0.11807865388378,0.270495010761103,0.642535707297985,0.340070916183433,0.5,"Subordinate",2018-05-15,407
2019-06-26,"VHMM016","Yearling","M",0.0799452697419859,0.506059421422987,0.159597341673182,0.254397967161845,0.72214620797498,0.429431414556535,0.75,"Subordinate",2018-05-15,407
2019-06-26,"VHMM017","Yearling","M",0.141611987072765,0.418078542748017,0.128488884536284,0.311820585642934,0.570169425129762,0.241164500679194,-0.25,"Subordinate",2018-05-15,407
2019-06-26,"VHMM021","Sub-Adult","M",0.172248335291814,0.433999216607912,0.133274578926753,0.260477869173521,0.602722287504896,0.216655497184629,0,"Juvenile",2018-09-26,273
2019-06-27,"VCVM001","DominantM","M",0.185699647045429,0.468974154616874,0.0403051349197313,0.305021063417967,0.394284413070705,-0.0571453201012951,-1,"DominantM",2011-12-21,2745
2019-06-27,"VHMF001","DominantF","F",0.0359148214853268,0.370696048310202,0.270791397393792,0.322597732810679,0.770314651975845,0.537786900210301,1,"DominantF",2016-10-27,973
2019-06-27,"VHMF015","Yearling","F",0.148823963716908,0.469887142706466,0.100411349013817,0.28087754456281,0.425904440459867,0.00076652536804582,-0.25,"Subordinate",2018-05-15,408
2019-06-27,"VHMM007","Adult","M",0.137070881699185,0.426895529760435,0.0823660163003211,0.353667572240059,0.489256606569523,0.0545792025726207,0.25,"Subordinate",2016-12-28,911
2019-06-27,"VHMM008","Adult","M",0.207289779388255,0.478098689118619,0.112117659597144,0.202493871895982,0.44133006501119,-0.0183952464434987,-0.75,"Subordinate",2017-09-01,664
2019-06-27,"VHMM014","Yearling","M",0.165278206314923,0.521443998765813,0.0385683431039803,0.274709451815283,0.473722102231821,-0.0106358690840841,-0.5,"Subordinate",2018-05-15,408
2019-06-27,"VHMM016","Yearling","M",0.104219948849105,0.512574595055413,0.0838661551577153,0.299339300937766,0.477621483375959,0.0267318547881899,0,"Subordinate",2018-05-15,408
2019-06-27,"VHMM017","Yearling","M",0.147637217493396,0.299677135309657,0.141179923686528,0.41150572351042,0.487232169063692,0.107254878021734,0.5,"Subordinate",2018-05-15,408
2019-06-27,"VHMM021","Sub-Adult","M",0.0702079472925674,0.559707638459955,0.10129709697344,0.268787317274037,0.578958204653078,0.192201800636515,0.75,"Juvenile",2018-09-26,274
2019-06-28,"VCVM001","DominantM","M",0.0148609779482263,0.681687440076702,0.0649568552253116,0.23849472674976,0.662032598274209,0.347852253634465,-0.5,"DominantM",2011-12-21,2746
2019-06-28,"VHMF001","DominantF","F",0.0768855259946302,0.402489626556017,0.352941176470588,0.167683670978765,0.657554308030266,0.405112858912681,1,"DominantF",2016-10-27,974
2019-06-28,"VHMM007","Adult","M",0.435508735868448,0,0.0472764645426516,0.5172147995889,0.319886947584789,-0.327446414085072,-1,"Subordinate",2016-12-28,912
2019-06-28,"VHMM014","Yearling","M",0.0291970802919708,0.610462287104623,0.148418491484185,0.211922141119221,0.669343065693431,0.341024057066214,0,"Subordinate",2018-05-15,409
2019-06-28,"VHMM016","Yearling","M",0.0622692591681024,0.32020674378538,0.279350233817376,0.338173763229141,0.678070391336451,0.368649558580251,0.5,"Subordinate",2018-05-15,409
2019-07-13,"VCVM001","DominantM","M",0.278531129367515,0.204988617242403,0.143026823715728,0.373453429674354,0.443531624270019,0.00960177855553751,-0.8,"DominantM",2011-12-21,2761
2019-07-13,"VHMF001","DominantF","F",0.044158855928109,0.331916127162045,0.218958353464103,0.404966663445744,0.739781621412697,0.447992357077553,1,"DominantF",2016-10-27,989
2019-07-13,"VHMF010","Adult","F",0.0460197787134045,0.50798002545775,0.170469010085186,0.27553118574366,0.716341917164398,0.445279579325531,0.8,"Subordinate",2017-09-01,680
2019-07-13,"VHMF015","Yearling","F",0.146984924623116,0.583011209895632,0.0912253575570158,0.178778507924237,0.613548511789718,0.242001316197489,0.4,"Subordinate",2018-05-15,424
2019-07-13,"VHMF022","Sub-Adult","F",0.256164252134702,0.46522114554351,0.0726278422718987,0.20598676004989,0.548402571236688,0.0590501352616258,-0.2,"Juvenile",2018-09-26,290
2019-07-13,"VHMM007","Adult","M",0.183838383838384,0.522462722462723,0.0855218855218855,0.208177008177008,0.527946127946128,0.12997489843018,0.2,"Subordinate",2016-12-28,927
2019-07-13,"VHMM008","Adult","M",0.0950759050214091,0.630887504865707,0.0668548073180226,0.207181782794862,0.553620085636434,0.268126271257301,0.6,"Subordinate",2017-09-01,680
2019-07-13,"VHMM016","Yearling","M",0.136749633967789,0.369838945827233,0.143875061005368,0.34953635919961,0.517423133235725,0.124857101666858,-0.4,"Subordinate",2018-05-15,424
2019-07-13,"VHMM017","Yearling","M",0.150615847153525,0.666375715255552,0.0229851614780332,0.160023276112889,0.470759383183008,0.085975709252213,-0.6,"Subordinate",2018-05-15,424
2019-07-13,"VHMM021","Sub-Adult","M",0.153940258945866,0.395147313691508,0.0909368946885513,0.359975532674075,0.540116219798145,0.146704200605979,0,"Juvenile",2018-09-26,290
2019-07-13,"VHMM023","Sub-Adult","M",0.285281173594132,0.36919315403423,0.0381418092909535,0.307383863080685,0.42640586797066,-0.0882919818196233,-1,"Juvenile",2018-09-26,290
2019-07-14,"VCVM001","DominantM","M",0.122226787181594,0.418755135579293,0.0607025472473295,0.398315529991783,0.485517666392769,0.034975012972279,0.2,"DominantM",2011-12-21,2762
2019-07-14,"VHMF001","DominantF","F",0.0455164364909551,0.229430071970434,0.346138883485703,0.378914608052908,0.71571678661739,0.528142299443451,1,"DominantF",2016-10-27,990
2019-07-14,"VHMF010","Adult","F",0.106905158069884,0.386335274542429,0.149750415973378,0.35700915141431,0.547940931780366,0.258341517083629,0.4,"Subordinate",2017-09-01,681
2019-07-14,"VHMF015","Yearling","F",0.0432104705995573,0.614570301222212,0.129535174670388,0.212684053507843,0.624578962563757,0.2355070049721,0.8,"Subordinate",2018-05-15,425
2019-07-14,"VHMF022","Sub-Adult","F",0.16379226347072,0.524602942609373,0.0865244080678164,0.22508038585209,0.417714118678749,0.00029704565497504,-0.2,"Juvenile",2018-09-26,291
2019-07-14,"VHMM007","Adult","M",0.0652538196155742,0.636274026614096,0.128733366190242,0.169738787580089,0.621685559388861,0.242974130067203,0.6,"Subordinate",2016-12-28,928
2019-07-14,"VHMM008","Adult","M",0.22739322533137,0.424153166421208,0.0249386352479136,0.323514972999509,0.356504663721159,-0.082358559281923,-1,"Subordinate",2017-09-01,681
2019-07-14,"VHMM014","Yearling","M",0.237352151873571,0.451744359407614,0.0647052976841268,0.246198191034688,0.422423218367955,-0.0798013020471115,-0.6,"Subordinate",2018-05-15,425
2019-07-14,"VHMM017","Yearling","M",0.166616661666167,0.305530553055306,0.132513251325133,0.395339533953395,0.462446244624462,0.0708636865699606,0,"Subordinate",2018-05-15,425
2019-07-14,"VHMM021","Sub-Adult","M",0.205912438625205,0.62244271685761,0.0379500818330606,0.133694762684124,0.336027004909984,-0.160075525661977,-0.8,"Juvenile",2018-09-26,291
2019-07-14,"VHMM023","Sub-Adult","M",0.236263194238927,0.469665581532998,0.0975633816711059,0.19650784255697,0.372891387984611,-0.149422003854075,-0.4,"Juvenile",2018-09-26,291
2019-07-15,"VCVM001","DominantM","M",0.213826366559486,0.379923633440514,0.115956591639871,0.290293408360129,0.473271704180064,0.0100245868126948,-0.2,"DominantM",2011-12-21,2763
2019-07-15,"VHMF001","DominantF","F",0.0441060126582278,0.379746835443038,0.175731803797468,0.400415348101266,0.689873417721519,0.453020165363981,0.8,"DominantF",2016-10-27,991
2019-07-15,"VHMF010","Adult","F",0.246116602783942,0.289489610651604,0.0448860197700222,0.419507766794432,0.265483155134154,-0.216923491374442,-0.8,"Subordinate",2017-09-01,682
2019-07-15,"VHMF015","Yearling","F",0.127357093493928,0.694540428472702,0.0476848652384243,0.130417612794945,0.564221542106822,0.215864359243765,0.2,"Subordinate",2018-05-15,426
2019-07-15,"VHMF022","Sub-Adult","F",0.0294239107990915,0.70307660540987,0.0769151352467479,0.190584348544291,0.604170968408012,0.215937868897618,0.4,"Juvenile",2018-09-26,292
2019-07-15,"VHMM007","Adult","M",0.0835963751145505,0.423073006822116,0.0924549434884431,0.400875674574891,0.477140820690357,0.10631137903228,0,"Subordinate",2016-12-28,929
2019-07-15,"VHMM008","Adult","M",0.326480515495551,0.278613071494323,0.0319116293341516,0.362994783675974,0.116293341515802,-0.50608540445578,-1,"Subordinate",2017-09-01,682
2019-07-15,"VHMM016","Yearling","M",0.0371012129242687,0.528080725716033,0.131281214962797,0.303536846396901,0.809091835694629,0.565807073744497,1,"Subordinate",2018-05-15,426
2019-07-15,"VHMM017","Yearling","M",0.0911917098445596,0.437616580310881,0.148497409326425,0.322694300518135,0.659170984455959,0.35102794047546,0.6,"Subordinate",2018-05-15,426
2019-07-15,"VHMM021","Sub-Adult","M",0.232102728731942,0.633279828785447,0.0407704654895666,0.0938469769930444,0.29095773140717,-0.174455112504617,-0.6,"Juvenile",2018-09-26,292
2019-07-15,"VHMM023","Sub-Adult","M",0.255150380081525,0.487936542910653,0.0339319158312218,0.2229811611766,0.380632367522309,0.00391638007921405,-0.4,"Juvenile",2018-09-26,292
2019-07-16,"VCVM001","DominantM","M",0.322494097445804,0.434320669671603,0.0227516634470917,0.220433569435501,0.274522429705945,-0.184346691676583,-1,"DominantM",2011-12-21,2764
2019-07-16,"VHMF001","DominantF","F",0.123147092360319,0.265450399087799,0.249942987457241,0.361459521094641,0.564196123147092,0.219880172741631,0.714285714285714,"DominantF",2016-10-27,992
2019-07-16,"VHMF015","Yearling","F",0.0463173880030372,0.427920598763423,0.229959865495173,0.295802147738366,0.720468597461764,0.484844485035268,1,"Subordinate",2018-05-15,427
2019-07-16,"VHMF022","Sub-Adult","F",0.0516918329108343,0.755428193541276,0.111319299019068,0.0815606745288218,0.563319739887579,0.319627891305408,0.142857142857143,"Juvenile",2018-09-26,293
2019-07-16,"VHMM007","Adult","M",0.356053811659193,0.328811659192825,0.056390134529148,0.258744394618834,0.329484304932735,-0.285567456118719,-0.714285714285714,"Subordinate",2016-12-28,930
2019-07-16,"VHMM014","Yearling","M",0.122230794665491,0.596715529593299,0.0977625923068445,0.183291083434366,0.64421911164995,0.286205538858305,-0.142857142857143,"Subordinate",2018-05-15,427
2019-07-16,"VHMM021","Sub-Adult","M",0.11200170994977,0.595276263759752,0.150368707919205,0.142353318371273,0.467243774714118,0.167950088932968,0.428571428571429,"Juvenile",2018-09-26,293
2019-07-16,"VHMM023","Sub-Adult","M",0.290381749398143,0.509113836982689,0.0705032672245787,0.130001146394589,0.412472773128511,-0.0614496107759213,-0.428571428571429,"Juvenile",2018-09-26,293
2019-07-17,"VCVM001","DominantM","M",0.18163532133159,0.350598410942372,0.100874987428342,0.366891280297697,0.490495826209394,0.0893227121147992,-0.111111111111111,"DominantM",2011-12-21,2765
2019-07-17,"VHMF001","DominantF","F",0.0378614727218523,0.457318890986783,0.245453642055053,0.259365994236311,0.781178574977641,0.500796100672227,1,"DominantF",2016-10-27,993
2019-07-17,"VHMF010","Adult","F",0.164403000202716,0.233326576120008,0.0901074396918711,0.512162983985404,0.505676059193189,0.0343937778682135,0.333333333333333,"Subordinate",2017-09-01,684
2019-07-17,"VHMF015","Yearling","F",0.0426535626535627,0.768452088452088,0.081965601965602,0.106928746928747,0.605307125307125,0.244841157212134,0.777777777777778,"Subordinate",2018-05-15,428
2019-07-17,"VHMF022","Sub-Adult","F",0.208195571586013,0.372708145476405,0.0611161206291955,0.357980162308386,0.356477306883078,-0.117190557612449,0.111111111111111,"Juvenile",2018-09-26,294
2019-07-17,"VHMM007","Adult","M",0.167335473515249,0.534711075441412,0.109048956661316,0.188904494382022,0.465088282504013,-0.0203255127778662,-0.555555555555556,"Subordinate",2016-12-28,931
2019-07-17,"VHMM014","Yearling","M",0.150041305245766,0.718504750103263,0.00733168112350269,0.124122263527468,0.503717472118959,0.0331226684600952,-0.333333333333333,"Subordinate",2018-05-15,428
2019-07-17,"VHMM016","Yearling","M",0.0490737091052424,0.541683090264091,0.142983839180134,0.266259361450532,0.685455262120615,0.299211699313541,0.555555555555556,"Subordinate",2018-05-15,428
2019-07-17,"VHMM021","Sub-Adult","M",0.162908512963147,0.511075792192311,0.0686401112545942,0.257375583589947,0.369126850104301,-0.0461810375822798,-0.777777777777778,"Juvenile",2018-09-26,294
2019-07-17,"VHMM023","Sub-Adult","M",0.203268038192736,0.463628309873019,0.0269711585786003,0.306132493355645,0.341962791613348,-0.153855937279206,-1,"Juvenile",2018-09-26,294
2019-07-18,"VCVM001","DominantM","M",0.0798374809547994,0.479837480954799,0.0591163026917217,0.38120873539868,0.50401218892839,0.0394657655834638,0.25,"DominantM",2011-12-21,2766
2019-07-18,"VHMF001","DominantF","F",0.0533333333333333,0.292745098039216,0.316274509803922,0.337647058823529,0.746078431372549,0.534944495186823,1,"DominantF",2016-10-27,994
2019-07-18,"VHMF010","Adult","F",0.210699670625811,0.171474199021858,0.0727617526699271,0.545064377682403,0.369497953887614,-0.182591948516486,-1,"Subordinate",2017-09-01,685
2019-07-18,"VHMF015","Yearling","F",0.0623221120816567,0.700559426832859,0.0918637746589459,0.145254686426538,0.580528020414172,0.151357460434796,0.5,"Subordinate",2018-05-15,429
2019-07-18,"VHMF022","Sub-Adult","F",0.157955753067337,0.644092358226258,0.0454062409429041,0.152545647763501,0.514539658004058,-0.0286819221032754,-0.25,"Juvenile",2018-09-26,295
2019-07-18,"VHMM007","Adult","M",0.179727520435967,0.380490463215259,0.113242506811989,0.326539509536785,0.475858310626703,0.0320374082555596,0,"Subordinate",2016-12-28,932
2019-07-18,"VHMM016","Yearling","M",0.216352201257862,0.478277697145622,0.0807934204160619,0.224576681180455,0.406869859700048,-0.149037316011199,-0.5,"Subordinate",2018-05-15,429
2019-07-18,"VHMM021","Sub-Adult","M",0.197667694680031,0.328064764841943,0.0824016962220509,0.391865844255975,0.360832690824981,-0.215707854811494,-0.75,"Juvenile",2018-09-26,295
2019-07-18,"VHMM023","Sub-Adult","M",0.0766853389994205,0.574946880432683,0.121981842766081,0.226385937801816,0.640525400811281,0.190128287022968,0.75,"Juvenile",2018-09-26,295
2019-07-19,"VCVM001","DominantM","M",0.102379015860106,0.41368442456283,0.14802765351769,0.335908906059374,0.491358275721838,0.123085914323033,0.75,"DominantM",2011-12-21,2767
2019-07-19,"VHMF001","DominantF","F",0.0249718554907379,0.308361477842595,0.459420734827551,0.207245931839116,0.896018831235288,0.749566551026657,1,"DominantF",2016-10-27,995
2019-07-19,"VHMF015","Yearling","F",0.0925074925074925,0.619280719280719,0.115584415584416,0.172627372627373,0.608991008991009,0.149089821225008,0.25,"Subordinate",2018-05-15,430
2019-07-19,"VHMF022","Sub-Adult","F",0.166101018167299,0.543022559393092,0.0899381113994809,0.200938311040128,0.474146536234777,0.00526141270791715,0,"Juvenile",2018-09-26,296
2019-07-19,"VHMM007","Adult","M",0.29229523134555,0.434949883567885,0.115318416523236,0.157436468563329,0.440113394755493,-0.107919073110764,-0.25,"Subordinate",2016-12-28,933
2019-07-19,"VHMM014","Yearling","M",0.226914528187513,0.456657910689028,0.0618306728632047,0.254596888260255,0.395635481915538,-0.132501100966724,-1,"Subordinate",2018-05-15,430
2019-07-19,"VHMM016","Yearling","M",0.105442176870748,0.425970388155262,0.112244897959184,0.356342537014806,0.583733493397359,0.127205674555521,0.5,"Subordinate",2018-05-15,430
2019-07-19,"VHMM021","Sub-Adult","M",0.191866839429881,0.470148509917273,0.0891059503637995,0.248878700289046,0.443636001196053,-0.0832532676068425,-0.5,"Juvenile",2018-09-26,296
2019-07-19,"VHMM023","Sub-Adult","M",0.175252312867956,0.357968881412952,0.0297518923465097,0.437026913372582,0.333999158957107,-0.228339885070692,-0.75,"Juvenile",2018-09-26,296
2019-08-05,"VJXM095","DominantM","M",0.0503543848513699,0.510948905109489,0.0460171374166931,0.392679572622448,0.597270707711838,0.223841909296398,0.4,"DominantM",2016-04-25,1197
2019-08-05,"VLF230","DominantF","F",0.206337737407102,0.247729149463254,0.0595582163501239,0.486374896779521,0.398843930635838,-0.0684045953455064,-1,"DominantF",2016-11-06,1002
2019-08-05,"VLF235","Adult","F",0.0977979944174506,0.322237154967435,0.0771218856611186,0.502842964953996,0.509149178124677,0.0691990950519397,-0.8,"Subordinate",2017-04-23,834
2019-08-05,"VLF241","Yearling","F",0.0747353124351256,0.228254100062279,0.0783682790118331,0.618642308490762,0.543906996055636,0.178526539372423,0.6,"Subordinate",2018-02-23,528
2019-08-05,"VLF244","Sub-Adult","F",0.0496380558428128,0.617476732161324,0.0193381592554292,0.313547052740434,0.61799379524302,0.264891605702035,0.8,"Juvenile",2018-07-18,383
2019-08-05,"VLF246","Sub-Adult","F",0.0870060004138216,0.436892199462032,0.123732671218705,0.352369128905442,0.516759776536313,0.142526992357404,0.2,"Juvenile",2018-07-18,383
2019-08-05,"VLM234","Adult","M",0.144454799627213,0.685409547478513,0.0143937040488765,0.155741948845397,0.515273894584239,0.117425085990949,-0.6,"Subordinate",2017-04-23,834
2019-08-05,"VLM239","Yearling","M",0.0988715187907651,0.294026296718087,0.105600993891707,0.501501190599441,0.577285433274666,0.207119706649768,0,"Subordinate",2018-02-23,528
2019-08-05,"VLM242","Yearling","M",0.181479565442318,0.502638385928608,0.0194516295913088,0.296430419037765,0.530263838592861,0.0613705446204203,-0.2,"Subordinate",2018-02-23,528
2019-08-05,"VLM245","Sub-Adult","M",0.0454251186879586,0.79046180405697,0.0233059991368148,0.140807078118256,0.777729823047044,0.482814927544082,1,"Juvenile",2018-07-18,383
2019-08-05,"VLM248","Sub-Adult","M",0.127827350072629,0.406204606764889,0.0882963270388047,0.377671716123677,0.625233450923428,0.235262518194227,-0.4,"Juvenile",2018-07-18,383
2019-08-06,"VJXM095","DominantM","M",0.0636839983877469,0.354695687222894,0.1742241031842,0.407396211205159,0.608222490931076,0.323340069403969,0.8,"DominantM",2016-04-25,1198
2019-08-06,"VLF230","DominantF","F",0.123156558257642,0.615196796562164,0.0762769801738451,0.185369665006348,0.492528567242895,0.138766847794411,0,"DominantF",2016-11-06,1003
2019-08-06,"VLF235","Adult","F",0.14804332975505,0.441983019420318,0.0861715624085098,0.323802088416122,0.558895286425295,0.155629114211995,-0.2,"Subordinate",2017-04-23,835
2019-08-06,"VLF240","Yearling","F",0.138461538461538,0.387312687312687,0.103196803196803,0.371028971028971,0.511988011988012,0.0697756032553127,-0.6,"Subordinate",2018-02-23,529
2019-08-06,"VLF241","Yearling","F",0.0892542571931885,0.53532981013897,0.0950283812879233,0.280387551379918,0.665590135055784,0.351331097903711,0.4,"Subordinate",2018-02-23,529
2019-08-06,"VLF244","Sub-Adult","F",0.218229880556099,0.462208733111416,0.0293714509496769,0.290189935382808,0.310162522028588,-0.130247361537398,-1,"Juvenile",2018-07-18,384
2019-08-06,"VLF246","Sub-Adult","F",0.128981672057238,0.394295795354308,0.112123885131824,0.36459864745663,0.5668920905616,0.151040383948724,-0.4,"Juvenile",2018-07-18,384
2019-08-06,"VLM234","Adult","M",0.0806420043061264,0.350753572127618,0.14846349579174,0.420140927774516,0.63691524760227,0.242080219209941,0.2,"Subordinate",2017-04-23,835
2019-08-06,"VLM239","Yearling","M",0.210207865716795,0.439933639113887,0.0282033765980287,0.321655118571289,0.384697960378647,-0.0852122309046586,-0.8,"Subordinate",2018-02-23,529
2019-08-06,"VLM245","Sub-Adult","M",0.0268285518456869,0.530598257123274,0.100753941055517,0.341819249975521,0.659061979829629,0.289034120465426,0.6,"Juvenile",2018-07-18,384
2019-08-06,"VLM248","Sub-Adult","M",0.013079551000488,0.502879453391898,0.186530014641288,0.297510980966325,0.80829673011225,0.579639174519076,1,"Juvenile",2018-07-18,384
2019-08-07,"VJXM095","DominantM","M",0.123918417799753,0.311495673671199,0.0670580964153276,0.497527812113721,0.469303667078698,0.0980977284389072,-0.2,"DominantM",2016-04-25,1199
2019-08-07,"VLF230","DominantF","F",0.061770761839396,0.515834885773115,0.0491224629865673,0.373271889400922,0.523580743210119,0.1357263456579,0,"DominantF",2016-11-06,1004
2019-08-07,"VLF235","Adult","F",0.158055009823183,0.406385068762279,0.0420432220039293,0.393516699410609,0.557760314341847,0.148898681069738,-0.6,"Subordinate",2017-04-23,836
2019-08-07,"VLF241","Yearling","F",0.0648420639591917,0.510300176574456,0.0697469099470277,0.355110849519325,0.417500490484599,0.0822826440239613,-0.4,"Subordinate",2018-02-23,530
2019-08-07,"VLF244","Sub-Adult","F",0.0801020909001669,0.525277314224011,0.128693432806518,0.265927162069304,0.531854324138608,0.211088831547361,0.4,"Juvenile",2018-07-18,385
2019-08-07,"VLF246","Sub-Adult","F",0.0982345398954532,0.467896242232962,0.109379623237006,0.324489594634579,0.524607949501923,0.248875751739935,0.2,"Juvenile",2018-07-18,385
2019-08-07,"VLM234","Adult","M",0.112939724336556,0.524069121579922,0.0856819584447645,0.277309195638757,0.638551738325447,0.305002966120176,0.8,"Subordinate",2017-04-23,836
2019-08-07,"VLM239","Yearling","M",0.209891080365028,0.246688254342067,0.0843881856540084,0.459032479638897,0.384751251103915,-0.13150420136659,-1,"Subordinate",2018-02-23,530
2019-08-07,"VLM245","Sub-Adult","M",0.107100708103855,0.452006294256491,0.0778914240755311,0.363001573564123,0.537667191188041,0.183093860929154,0.6,"Juvenile",2018-07-18,385
2019-08-07,"VLM247","Sub-Adult","M",0.159047005795235,0.385490448594119,0.113007083065035,0.342455462545611,0.518458896758961,0.0882026901769706,-0.8,"Juvenile",2018-07-18,385
2019-08-07,"VLM248","Sub-Adult","M",0.0212347620920173,0.696323240267401,0.102438065277232,0.18000393236335,0.680692095949666,0.394691330742695,1,"Juvenile",2018-07-18,385
2019-08-08,"VJXM095","DominantM","M",0.0798183652875883,0.604036326942482,0.120282542885974,0.195862764883956,0.676589303733602,0.398312650809594,0.6,"DominantM",2016-04-25,1200
2019-08-08,"VLF230","DominantF","F",0.0335970309600547,0.502197480222678,0.119640589901358,0.34456489891591,0.530129895497607,0.243587501348787,0,"DominantF",2016-11-06,1005
2019-08-08,"VLF235","Adult","F",0.0663669240543446,0.425862574528394,0.203596911347864,0.304173590069397,0.709021601016518,0.423737887394097,0.8,"Subordinate",2017-04-23,837
2019-08-08,"VLF241","Yearling","F",0.272389881824397,0.213106748705928,0.068659048735228,0.445844320734447,0.348471530422893,-0.107254891006009,-0.6,"Subordinate",2018-02-23,531
2019-08-08,"VLF244","Sub-Adult","F",0.104759083728278,0.627863349131122,0.0845181674565561,0.182859399684044,0.497827804107425,0.170089691476455,-0.2,"Juvenile",2018-07-18,386
2019-08-08,"VLF246","Sub-Adult","F",0.118531536809217,0.414176918570592,0.167154852567858,0.300136692052334,0.619410271431361,0.322593903664758,0.2,"Juvenile",2018-07-18,386
2019-08-08,"VLM234","Adult","M",0.0274709160230717,0.389383126405318,0.242838987193274,0.340306970378336,0.721087105288885,0.468558345792181,1,"Subordinate",2017-04-23,837
2019-08-08,"VLM239","Yearling","M",0.196681068342498,0.386586802827965,0.0479183032207384,0.368813825608798,0.458660644147683,-0.0238994703337665,-0.8,"Subordinate",2018-02-23,531
2019-08-08,"VLM242","Yearling","M",0.332052923602219,0.527422108408024,0.0283824157063594,0.112142552283397,0.228553137003841,-0.302645184625666,-1,"Subordinate",2018-02-23,531
2019-08-08,"VLM245","Sub-Adult","M",0.0788927335640138,0.549480968858131,0.119723183391003,0.251903114186851,0.645378151260504,0.307004506685417,0.4,"Juvenile",2018-07-18,386
2019-08-08,"VLM248","Sub-Adult","M",0.163086322428065,0.414465904611746,0.147615293653922,0.274832479306267,0.579523058730784,0.223275275658197,-0.4,"Juvenile",2018-07-18,386
2019-08-09,"VJXM095","DominantM","M",0.117225363489499,0.431845718901454,0.194264943457189,0.256663974151858,0.656199515347334,0.402456112145945,1,"DominantM",2016-04-25,1201
2019-08-09,"VLF230","DominantF","F",0.192856440027551,0.402440224343206,0.0830463445832923,0.321656991045951,0.47495818163928,0.0864011061203719,-0.777777777777778,"DominantF",2016-11-06,1006
2019-08-09,"VLF235","Adult","F",0.0616471974084618,0.743398449003632,0.0254245607146363,0.16952979287327,0.521350741140669,0.191166940001601,0.111111111111111,"Subordinate",2017-04-23,838
2019-08-09,"VLF240","Yearling","F",0.160607404123254,0.523830636222567,0.118155619596542,0.197406340057637,0.540567501662602,0.230417296079586,0.333333333333333,"Subordinate",2018-02-23,532
2019-08-09,"VLF241","Yearling","F",0.0868075944411822,0.238598551575651,0.252104129966725,0.422489724016442,0.575748678802114,0.260645518367126,0.555555555555556,"Subordinate",2018-02-23,532
2019-08-09,"VLF244","Sub-Adult","F",0.143038841600626,0.662655317483612,0.0147735055278348,0.179532335387927,0.360923588689952,-0.0181661679605248,-0.555555555555556,"Juvenile",2018-07-18,387
2019-08-09,"VLF246","Sub-Adult","F",0.132718170216943,0.359477765779916,0.226465102581722,0.281338961421419,0.662216550505546,0.4107902901222,0.777777777777778,"Juvenile",2018-07-18,387
2019-08-09,"VLM234","Adult","M",0.255423579071365,0.374693236477864,0.0987533130460391,0.271129871404731,0.475802493373908,0.0340801643487975,-1,"Subordinate",2017-04-23,838
2019-08-09,"VLM245","Sub-Adult","M",0.120276587456175,0.610927152317881,0.0634008570315543,0.20539540319439,0.423061940007791,0.0415806013453058,-0.333333333333333,"Juvenile",2018-07-18,387
2019-08-09,"VLM248","Sub-Adult","M",0.0938593082005441,0.562572872133696,0.0582005441119316,0.285367275553828,0.480956082394092,0.177617616722418,-0.111111111111111,"Juvenile",2018-07-18,387
2019-08-10,"VJXM095","DominantM","M",0.0552023121387283,0.403179190751445,0.061849710982659,0.479768786127168,0.573410404624278,0.182676019345016,0.111111111111111,"DominantM",2016-04-25,1202
2019-08-10,"VLF230","DominantF","F",0.0666302566903332,0.570180229382851,0.137356635718187,0.225832878208629,0.715182960131076,0.322447042240832,0.777777777777778,"DominantF",2016-11-06,1007
2019-08-10,"VLF235","Adult","F",0.180706144008896,0.609118710036141,0.0859049207673061,0.124270225187656,0.669168751737559,0.227020888511619,-0.111111111111111,"Subordinate",2017-04-23,839
2019-08-10,"VLF241","Yearling","F",0.160841070453304,0.372200983069361,0.091206990715456,0.375750955761879,0.367285636264336,-0.0896201590952329,-1,"Subordinate",2018-02-23,533
2019-08-10,"VLF244","Sub-Adult","F",0.196886947023484,0.553795740032769,0.0316766794101584,0.217640633533588,0.370289459311851,-0.115351524315013,-0.555555555555556,"Juvenile",2018-07-18,388
2019-08-10,"VLF246","Sub-Adult","F",0.177000819448238,0.346899754165529,0.0557224801966676,0.420376946189566,0.442502048620595,-0.0409697897616466,-0.777777777777778,"Juvenile",2018-07-18,388
2019-08-10,"VLM234","Adult","M",0.114139147162552,0.529656941327349,0.0987495992305226,0.257454312279577,0.574543122795768,0.246242837283031,-0.333333333333333,"Subordinate",2017-04-23,839
2019-08-10,"VLM245","Sub-Adult","M",0.0483342435827417,0.554614964500273,0.145002730748225,0.25204806116876,0.762151829601311,0.472707013214275,1,"Juvenile",2018-07-18,388
2019-08-10,"VLM247","Sub-Adult","M",0.0506078597681651,0.391009329940628,0.129488266892847,0.42889454339836,0.566016398077467,0.250680609444584,0.333333333333333,"Juvenile",2018-07-18,388
2019-08-10,"VLM248","Sub-Adult","M",0.0800109229929001,0.5600764609503,0.125887493173129,0.23402512288367,0.563626433642818,0.224393520323489,0.555555555555556,"Juvenile",2018-07-18,388
2019-08-11,"VJXM095","DominantM","M",0.0553864283609938,0.46862417755082,0.221938524992635,0.254050869095551,0.726799567907296,0.45761491880196,1,"DominantM",2016-04-25,1203
2019-08-11,"VLF230","DominantF","F",0.0834554871494185,0.347698622104955,0.216749731261605,0.352096159484022,0.706342226131144,0.456925416647586,0.75,"DominantF",2016-11-06,1008
2019-08-11,"VLF235","Adult","F",0.115069295334765,0.387663478430607,0.0899863361311731,0.407280890103455,0.542553191489362,0.170499604654374,0,"Subordinate",2017-04-23,840
2019-08-11,"VLF240","Yearling","F",0.271932439145554,0.526577247888723,0.0348733233979136,0.166616989567809,0.28802781917536,-0.201532954188012,-1,"Subordinate",2018-02-23,534
2019-08-11,"VLF241","Yearling","F",0.213965718737826,0.25983638488508,0.0744059213089209,0.451791975068173,0.385372029606545,-0.0773358425445238,-0.5,"Subordinate",2018-02-23,534
2019-08-11,"VLF244","Sub-Adult","F",0.226758916390567,0.514617033716624,0.0290391736503606,0.229584876242448,0.397485870200741,-0.0446738998153253,-0.75,"Juvenile",2018-07-18,389
2019-08-11,"VLF246","Sub-Adult","F",0.125792914999512,0.46774665755831,0.087830584561335,0.318629842880843,0.48814287108422,0.0628526089512207,-0.25,"Juvenile",2018-07-18,389
2019-08-11,"VLM234","Adult","M",0.0371993378128347,0.624014022787029,0.0936800077904372,0.245106631609699,0.647093193105463,0.256669590772717,0.5,"Subordinate",2017-04-23,840
2019-08-11,"VLM248","Sub-Adult","M",0.071713923803956,0.414498684595148,0.0936373380103284,0.420150053590568,0.579557634220014,0.226206557486364,0.25,"Juvenile",2018-07-18,389
2019-08-12,"VJXM095","DominantM","M",0.0918448930641615,0.628223066160304,0.0716570057965221,0.208275034979013,0.585048970617629,0.308261101239893,0.25,"DominantM",2016-04-25,1204
2019-08-12,"VLF230","DominantF","F",0.0454055114249289,0.487790526625478,0.197607139354712,0.269196822594881,0.786113562812592,0.481374970682062,1,"DominantF",2016-11-06,1009
2019-08-12,"VLF235","Adult","F",0.0214891041162228,0.655871670702179,0.0962469733656174,0.226392251815981,0.748486682808717,0.469241227193923,0.75,"Subordinate",2017-04-23,841
2019-08-12,"VLF241","Yearling","F",0.140868706811451,0.341362290227048,0.0413622902270484,0.476406712734452,0.282033563672261,-0.25945537954523,-1,"Subordinate",2018-02-23,535
2019-08-12,"VLF244","Sub-Adult","F",0.207263427109974,0.589156010230179,0.0463427109974425,0.157237851662404,0.420562659846547,-0.0184206555896232,-0.5,"Juvenile",2018-07-18,390
2019-08-12,"VLF246","Sub-Adult","F",0.0613533241270468,0.502959163543105,0.118662458078516,0.317025054251332,0.614125073979089,0.325349934918155,0,"Juvenile",2018-07-18,390
2019-08-12,"VLM234","Adult","M",0.0530205972208535,0.553464078052626,0.0686902532768306,0.32482507144969,0.639400808120627,0.274157751695951,0.5,"Subordinate",2017-04-23,841
2019-08-12,"VLM242","Yearling","M",0.180853194472261,0.362006809533347,0.0254356098537953,0.431704386140597,0.3836370919287,-0.0976572989931317,-0.75,"Subordinate",2018-02-23,535
2019-08-12,"VLM248","Sub-Adult","M",0.0918578320370188,0.29565816678153,0.111351777099537,0.501132224081914,0.62026188835286,0.291656710088501,-0.25,"Juvenile",2018-07-18,390
2021-05-16,"VZUF028","DominantF","F",0.139178082191781,0.416712328767123,0.152876712328767,0.291232876712329,0.525205479452055,0.207975249651367,0.666666666666667,"DominantF",2017-03-10,1528
2021-05-16,"VZUF051","Yearling","F",0.170368620037807,0.261578449905482,0.131616257088847,0.436436672967864,0.385633270321361,-0.127263484716309,-1,"Subordinate",2020-03-09,433
2021-05-16,"VZUF052","Yearling","F",0.191657010428737,0.533951332560834,0.126998841251448,0.14739281575898,0.457937427578216,0.0526077370054003,-0.666666666666667,"Subordinate",2020-03-09,433
2021-05-16,"VZUF054","Yearling","F",0.13416061812222,0.589791617888082,0.0922500585343011,0.183797705455397,0.551158979161789,0.134239408008127,-0.333333333333333,"Subordinate",2020-03-09,433
2021-05-16,"VZUM056","Yearling","M",0.167085714285714,0.346514285714286,0.130971428571429,0.355428571428571,0.5472,0.0396463831446844,0,"Subordinate",2020-03-27,415
2021-05-16,"VZUM057","Yearling","M",0.152459016393443,0.401639344262295,0.130913348946136,0.314988290398126,0.516393442622951,0.212618382502819,0.333333333333333,"Subordinate",2020-03-27,415
2021-05-16,"VZUM059","Yearling","M",0.0856610800744879,0.490689013035382,0.209264432029795,0.214385474860335,0.6762104283054,0.337323549657363,1,"Subordinate",2020-03-27,415
2021-05-17,"VZUF028","DominantF","F",0.135552654482158,0.62467362924282,0.0197998259355962,0.219973890339426,0.339860748476936,-0.119898076778521,-0.6,"DominantF",2017-03-10,1529
2021-05-17,"VZUF051","Yearling","F",0.245858048680712,0.417058703211291,0.111167928001636,0.225915320106361,0.381059521374514,-0.104054956671325,-1,"Subordinate",2020-03-09,434
2021-05-17,"VZUF052","Yearling","F",0.100294985250737,0.704709592106602,0.0396704302715899,0.155324992371071,0.416946394059607,0.0233236912962456,0.2,"Subordinate",2020-03-09,434
2021-05-17,"VZUF054","Yearling","F",0.20793601968625,0.493181585153286,0.073823438941864,0.225058956218599,0.426330359889265,-0.065269548319657,-0.2,"Subordinate",2020-03-09,434
2021-05-17,"VZUM056","Yearling","M",0.120996083944171,0.263179034039562,0.195501556381163,0.420323325635104,0.59102319509991,0.367075528991842,1,"Subordinate",2020-03-27,416
2021-05-17,"VZUM059","Yearling","M",0.167347772783,0.284532080098079,0.294544340008173,0.253575807110748,0.701982018798529,0.402989632469775,0.6,"Subordinate",2020-03-27,416
2021-05-18,"VWM213","DominantM","M",0.164953326243649,0.435188467446532,0.0703060380479735,0.329552168261846,0.50384024577573,0.0717328253218554,0.142857142857143,"DominantM",2018-05-02,1112
2021-05-18,"VZUF028","DominantF","F",0.248568541596497,0.364320197597395,0.0295273380487257,0.357583922757382,0.270012349837207,-0.166323522512925,-1,"DominantF",2017-03-10,1530
2021-05-18,"VZUF051","Yearling","F",0.175608770334445,0.515408709710013,0.03900171769223,0.269980802263312,0.417399211882389,0.0166933541071722,-0.714285714285714,"Subordinate",2020-03-09,435
2021-05-18,"VZUF052","Yearling","F",0.0227520031654961,0.589672568997923,0.095855178553764,0.291720249282817,0.679295677119399,0.374105036728188,0.714285714285714,"Subordinate",2020-03-09,435
2021-05-18,"VZUF054","Yearling","F",0.198888447796745,0.415442635966653,0.0866415244144502,0.299027391822152,0.508336641524414,0.0140650889208695,-0.428571428571429,"Subordinate",2020-03-09,435
2021-05-18,"VZUM053","Yearling","M",0.162915652879157,0.443430656934307,0.0943836171938362,0.299270072992701,0.434610705596107,0.117638219762953,-0.142857142857143,"Subordinate",2020-03-09,435
2021-05-18,"VZUM056","Yearling","M",0.098159509202454,0.38420245398773,0.141104294478528,0.376533742331288,0.66180981595092,0.28584897271028,0.428571428571429,"Subordinate",2020-03-27,417
2021-05-18,"VZUM059","Yearling","M",0.0528766556291391,0.392694536423841,0.218336092715232,0.336092715231788,0.757864238410596,0.489968303242506,1,"Subordinate",2020-03-27,417
2021-05-19,"VWM213","DominantM","M",0.0353790613718412,0.613176895306859,0.0828519855595668,0.268592057761733,0.66913357400722,0.370518744490803,0.428571428571429,"DominantM",2018-05-02,1113
2021-05-19,"VZUF028","DominantF","F",0.124747406708878,0.428128788899367,0.0879698235214873,0.359153980870268,0.45116529704971,0.0197076044089472,-0.714285714285714,"DominantF",2017-03-10,1531
2021-05-19,"VZUF051","Yearling","F",0.11449873518839,0.466515776860604,0.120356810011982,0.298628677939023,0.464252429769671,0.158865818004961,0.142857142857143,"Subordinate",2020-03-09,436
2021-05-19,"VZUF052","Yearling","F",0.0408542246982358,0.572224432948667,0.190608834062873,0.196312508290224,0.685104125215546,0.392009675492894,0.714285714285714,"Subordinate",2020-03-09,436
2021-05-19,"VZUF054","Yearling","F",0.155312624983336,0.466071190507932,0.0969204106119184,0.281695773896814,0.477403012931609,0.0468905850369776,-0.428571428571429,"Subordinate",2020-03-09,436
2021-05-19,"VZUM053","Yearling","M",0.424359144640723,0.368176384646035,0.0298844468056847,0.177580023907557,0.250630893877009,-0.359620524114971,-1,"Subordinate",2020-03-09,436
2021-05-19,"VZUM057","Yearling","M",0.0691311891098358,0.664219938609369,0.0511143734151875,0.215534498865608,0.52876017616442,0.141929336388019,-0.142857142857143,"Subordinate",2020-03-27,418
2021-05-19,"VZUM059","Yearling","M",0.030379410984346,0.305253382860175,0.237065534624569,0.42730167153091,0.735075616874503,0.482240113151163,1,"Subordinate",2020-03-27,418
2021-05-20,"VZUF028","DominantF","F",0.146032268686204,0.618538030951597,0.0905498847546921,0.144879815607507,0.539841949292065,0.132489526300649,-0.333333333333333,"DominantF",2017-03-10,1532
2021-05-20,"VZUF051","Yearling","F",0.287988826815642,0.460893854748603,0.121508379888268,0.129608938547486,0.362011173184358,-0.070629345420426,-0.666666666666667,"Subordinate",2020-03-09,437
2021-05-20,"VZUF052","Yearling","F",0.138226213864721,0.388156048273926,0.265506595565535,0.208111142295818,0.509542520348021,0.151606319788427,0.333333333333333,"Subordinate",2020-03-09,437
2021-05-20,"VZUF054","Yearling","F",0.113391984359726,0.343108504398827,0.289903644742354,0.253595866499092,0.604245217148443,0.349511081122095,0.666666666666667,"Subordinate",2020-03-09,437
2021-05-20,"VZUM053","Yearling","M",0.384050811573747,0.244742413549753,0.0955539872971066,0.275652787579393,0.46591390261115,-0.0287062894827951,-1,"Subordinate",2020-03-09,437
2021-05-20,"VZUM057","Yearling","M",0.13744141163496,0.398952302178109,0.255445271574304,0.208161014612628,0.582988695891922,0.263066772275533,1,"Subordinate",2020-03-27,419
2021-05-20,"VZUM059","Yearling","M",0.134815648747537,0.591190543202927,0.075147762454264,0.198846045595272,0.648606811145511,0.219824693455928,0,"Subordinate",2020-03-27,419
2021-05-21,"VWM213","DominantM","M",0.261091393078971,0.5,0.0723158828748891,0.16659272404614,0.342391304347826,-0.240767225821493,-1,"DominantM",2018-05-02,1115
2021-05-21,"VZUF028","DominantF","F",0.319805374322681,0.358398761472963,0.0621475174167865,0.25964834678757,0.331858896383943,-0.125273183494496,-0.714285714285714,"DominantF",2017-03-10,1533
2021-05-21,"VZUF051","Yearling","F",0.245524797026313,0.385601095568815,0.134402817176954,0.234471290227917,0.500048909322117,-0.0235690619348774,-0.428571428571429,"Subordinate",2020-03-09,438
2021-05-21,"VZUF052","Yearling","F",0.134772749679582,0.557527358769595,0.0609287193138125,0.246771172237011,0.44020506753426,0.0337038398579278,0.142857142857143,"Subordinate",2020-03-09,438
2021-05-21,"VZUF054","Yearling","F",0.18280622735729,0.549495740722608,0.0669734651914227,0.200724566728679,0.502007245667287,0.0272710791482544,-0.142857142857143,"Subordinate",2020-03-09,438
2021-05-21,"VZUM053","Yearling","M",0.175183913683178,0.46640510053948,0.118097106424718,0.240313879352624,0.517606669936243,0.128665543968692,0.428571428571429,"Subordinate",2020-03-09,438
2021-05-21,"VZUM057","Yearling","M",0.0996448303078137,0.580801104972376,0.182813733228098,0.136740331491713,0.661700868192581,0.312751396527893,0.714285714285714,"Subordinate",2020-03-27,420
2021-05-21,"VZUM059","Yearling","M",0.0728055582738037,0.457872590273021,0.269106566200215,0.20021528525296,0.677463548292397,0.429684928091313,1,"Subordinate",2020-03-27,420
2021-05-22,"VWM213","DominantM","M",0.175643702157272,0.492275574112735,0.0503827418232429,0.28169798190675,0.393736951983299,0.0503720351217143,-0.714285714285714,"DominantM",2018-05-02,1116
2021-05-22,"VZUF028","DominantF","F",0.192007917852283,0.473957688976865,0.00173203018681183,0.332302362984041,0.192255350736113,-0.237736309563966,-1,"DominantF",2017-03-10,1534
2021-05-22,"VZUF051","Yearling","F",0.0974240753733587,0.447228625839431,0.0634459256289466,0.391901373158264,0.531622732284254,0.192915180606755,0.714285714285714,"Subordinate",2020-03-09,439
2021-05-22,"VZUF052","Yearling","F",0.150298804780876,0.522410358565737,0.0502988047808765,0.27699203187251,0.429880478087649,0.0694320279786635,-0.142857142857143,"Subordinate",2020-03-09,439
2021-05-22,"VZUF054","Yearling","F",0.142713769570454,0.568446407065436,0.0268968285828984,0.261942994781212,0.389401846647933,-0.0978346995798081,-0.428571428571429,"Subordinate",2020-03-09,439
2021-05-22,"VZUM053","Yearling","M",0.0395355820238214,0.336202582324092,0.124612150935842,0.499649684716245,0.508457611850666,0.327379507723113,0.142857142857143,"Subordinate",2020-03-09,439
2021-05-22,"VZUM057","Yearling","M",0.0649142169158222,0.503862747065316,0.105347647235878,0.325875388782984,0.570582923648039,0.218464226929483,0.428571428571429,"Subordinate",2020-03-27,421
2021-05-22,"VZUM059","Yearling","M",0.0583063864187551,0.547392886014551,0.084983831851253,0.309316895715441,0.744947453516572,0.384710020240823,1,"Subordinate",2020-03-27,421
2021-05-23,"VWM213","DominantM","M",0.0298642533936652,0.412540400775695,0.121008403361345,0.436586942469295,0.717647058823529,0.409754371576467,0.666666666666667,"DominantM",2018-05-02,1117
2021-05-23,"VZUF028","DominantF","F",0.0641359773371105,0.602039660056657,0.0448725212464589,0.288951841359773,0.425382436260623,0.0449170548495984,-0.333333333333333,"DominantF",2017-03-10,1535
2021-05-23,"VZUF051","Yearling","F",0.0462897881313385,0.328647454563711,0.183853800582388,0.441208956722562,0.553770458881414,0.180186875080562,1,"Subordinate",2020-03-09,440
2021-05-23,"VZUF052","Yearling","F",0.115196323309022,0.52342891397742,0.111999200719353,0.249375561994205,0.53611749425517,0.134476338606585,0.333333333333333,"Subordinate",2020-03-09,440
2021-05-23,"VZUF054","Yearling","F",0.133602421796165,0.232795156407669,0.0857719475277497,0.547830474268416,0.41715438950555,-0.113876727522865,-0.666666666666667,"Subordinate",2020-03-09,440
2021-05-23,"VZUM053","Yearling","M",0.219892089992874,0.37839763819607,0.0925379212053344,0.309172350605721,0.472869795378194,0.0763899195672627,-1,"Subordinate",2020-03-09,440
2021-05-23,"VZUM057","Yearling","M",0.0594567404426559,0.571327967806841,0.0648893360160966,0.304325955734406,0.490442655935614,0.142949075488349,0,"Subordinate",2020-03-27,422
2021-05-24,"VWM213","DominantM","M",0.178621223857475,0.435941130906274,0.0658404337722696,0.319597211463981,0.405886909372579,-0.0693736873073657,-0.333333333333333,"DominantM",2018-05-02,1118
2021-05-24,"VZUF028","DominantF","F",0.173071644249245,0.437414219050233,0.0857809497666758,0.303733186933846,0.460334888827889,0.0410457590524144,-0.666666666666667,"DominantF",2017-03-10,1536
2021-05-24,"VZUF051","Yearling","F",0.0378723404255319,0.574042553191489,0.146170212765957,0.241914893617021,0.599787234042553,0.388309924756233,1,"Subordinate",2020-03-09,441
2021-05-24,"VZUF052","Yearling","F",0.0290600488620291,0.605889160344606,0.0974668895460975,0.267583901247268,0.649222065063649,0.286864419758833,0.666666666666667,"Subordinate",2020-03-09,441
2021-05-24,"VZUF054","Yearling","F",0.0916243654822335,0.263578680203046,0.121954314720812,0.522842639593909,0.565228426395939,0.334495470720644,0.333333333333333,"Subordinate",2020-03-09,441
2021-05-24,"VZUM053","Yearling","M",0.283500571573733,0.287692112282484,0.0111774418900038,0.417629874253779,0.307379651975105,-0.176632519015377,-1,"Subordinate",2020-03-09,441
2021-05-24,"VZUM057","Yearling","M",0.0688433308023285,0.56517337382941,0.00721336370539104,0.35876993166287,0.531511009870919,0.0642110287039107,0,"Subordinate",2020-03-27,423
2021-06-04,"VJXM122","DominantM","M",0.114255765199161,0.746630727762803,0.0321952680443246,0.106918238993711,0.398921832884097,-0.0859666255159973,-0.333333333333333,"DominantM",2018-12-01,916
2021-06-04,"VJXM126","Adult","M",0.165672451193059,0.542841648590022,0.144251626898048,0.147234273318872,0.504880694143167,0.120047471033257,0.333333333333333,"Subordinate",2018-12-01,916
2021-06-04,"VMPF022","DominantF","F",0.411586290567182,0.300121322414316,0.0937215650591447,0.194570821959357,0.238095238095238,-0.213261008702933,-1,"DominantF",2018-12-21,896
2021-06-04,"VMPF029","Adult","F",0.214151895085747,0.158524283037902,0.220781092376423,0.406542729499928,0.611327280587981,0.253660276934567,1,"Subordinate",2019-03-20,807
2021-06-05,"VJXM122","DominantM","M",0.0992063492063492,0.585684891240447,0.146090534979424,0.16901822457378,0.630364491475603,0.361219115916248,0.333333333333333,"DominantM",2018-12-01,917
2021-06-05,"VJXM126","Adult","M",0.235333874020005,0.566234117329008,0.0455528521221952,0.152879156528792,0.379291700459584,-0.193450216102546,-0.333333333333333,"Subordinate",2018-12-01,917
2021-06-05,"VMPF022","DominantF","F",0.0948701709943002,0.399366687777074,0.232805573147562,0.272957568081064,0.739328689043699,0.462582181865464,1,"DominantF",2018-12-21,897
2021-06-05,"VMPF029","Adult","F",0.393778452200303,0.34357612544259,0.0622154779969651,0.200429944360142,0.234446130500759,-0.41852337185943,-1,"Subordinate",2019-03-20,808
2021-06-06,"VJXM122","DominantM","M",0.0716494152439844,0.674687457991666,0.0961150692297352,0.157548057534615,0.557332974862213,0.126886058712837,0.333333333333333,"DominantM",2018-12-01,918
2021-06-06,"VJXM126","Adult","M",0.186192206490415,0.46873825335171,0.069540157874953,0.275529382282922,0.482646284926701,-0.0156178449359102,-1,"Subordinate",2018-12-01,918
2021-06-06,"VMPF022","DominantF","F",0.0706017046177331,0.463299834626638,0.250985879659076,0.215112581096553,0.595344103803587,0.326711334983246,1,"DominantF",2018-12-21,898
2021-06-06,"VMPF029","Adult","F",0.396991330953595,0.330188679245283,0.071392146863845,0.201427842937277,0.360912799592045,-0.244492921250406,-0.333333333333333,"Subordinate",2019-03-20,809
2021-06-07,"VJXM122","DominantM","M",0.117825537294564,0.352591656131479,0.187104930467762,0.342477876106195,0.550568900126422,0.380430902826385,1,"DominantM",2018-12-01,919
2021-06-07,"VMPF022","DominantF","F",0.241052232199317,0.392942961932465,0.0637409889970912,0.302263816871127,0.366131276084482,-0.123439398424867,0,"DominantF",2018-12-21,899
2021-06-07,"VMPF029","Adult","F",0.350177304964539,0.224797365754813,0.133991894630193,0.291033434650456,0.429457953394124,-0.148457331197451,-1,"Subordinate",2019-03-20,810
2021-06-09,"VJXM122","DominantM","M",0.1564042051062,0.555460201673461,0.100514910963313,0.187620682257026,0.439819781162841,0.126447583094122,0.333333333333333,"DominantM",2018-12-01,921
2021-06-09,"VMPF022","DominantF","F",0.167866458007303,0.470422535211268,0.10829420970266,0.253416797078769,0.439332290036515,-0.0578450158834689,1,"DominantF",2018-12-21,901
2021-06-09,"VMPF026","Adult","F",0.120364484000848,0.456664547573639,0.28491205763933,0.138058910786184,0.633396906124179,0.292055520159813,-0.333333333333333,"Subordinate",2019-03-13,819
2021-06-09,"VMPF029","Adult","F",0.351913825559506,0.47688768040159,0.0536498640451788,0.117548629993725,0.169838945827233,-0.406522789694488,-1,"Subordinate",2019-03-20,812
2021-06-10,"VJXM122","DominantM","M",0.155882352941176,0.552941176470588,0.104779411764706,0.186397058823529,0.554044117647059,0.13063726536285,1,"DominantM",2018-12-01,922
2021-06-10,"VMPF022","DominantF","F",0.184572684167919,0.376315485139355,0.110789869318839,0.328321961373887,0.487452295593848,0.151284244526007,-0.333333333333333,"DominantF",2018-12-21,902
2021-06-10,"VMPF026","Adult","F",0.19018473180503,0.506009347874471,0.147896728243935,0.155909192076564,0.504117516136212,0.0914110513240234,0.333333333333333,"Subordinate",2019-03-13,820
2021-06-10,"VMPF029","Adult","F",0.249241110147441,0.487640936686904,0.117194275802255,0.1459236773634,0.369145706851691,-0.159786601141753,-1,"Subordinate",2019-03-20,813
2021-06-11,"VJXM122","DominantM","M",0.113192664168803,0.525931768881877,0.0776967067639519,0.283178860185368,0.525044369946756,0.279345143466513,1,"DominantM",2018-12-01,923
2021-06-11,"VMPF022","DominantF","F",0.215665443306935,0.449391539501642,0.0829631060459726,0.251979911145451,0.409117249372223,0.013733792437803,-0.333333333333333,"DominantF",2018-12-21,903
2021-06-11,"VMPF026","Adult","F",0.118412046543463,0.650924024640657,0.0642417131123497,0.16642221570353,0.411362080766598,-0.00445248657566356,0.333333333333333,"Subordinate",2019-03-13,821
2021-06-11,"VMPF029","Adult","F",0.287652379079827,0.319602831301612,0.103322847031066,0.289421942587495,0.426464805348014,0.00419117918728704,-1,"Subordinate",2019-03-20,814
2021-07-20,"VZUF051","Yearling","F",0.141434262948207,0.239043824701195,0.153386454183267,0.466135458167331,0.392430278884462,0.00495956921446606,0,"Subordinate",2020-03-09,498
2021-07-20,"VZUF052","Yearling","F",0.252780586450961,0.569261880687563,0.130434782608696,0.0475227502527806,0.574317492416582,0.132410248550789,-0.5,"Subordinate",2020-03-09,498
2021-07-20,"VZUF054","Yearling","F",0.041041041041041,0.567567567567568,0.0870870870870871,0.304304304304304,0.755755755755756,0.339657193616085,0.5,"Subordinate",2020-03-09,498
2021-07-20,"VZUM053","Yearling","M",0.0304740406320542,0.433408577878104,0.265237020316027,0.270880361173815,0.830699774266366,0.607542184134021,1,"Subordinate",2020-03-09,498
2021-07-20,"VZUM056","Yearling","M",0.596192384769539,0.220440881763527,0.0120240480961924,0.171342685370741,0.125250501002004,-0.671519389502864,-1,"Subordinate",2020-03-27,480
2021-07-21,"VZUF028","DominantF","F",0.357754800590842,0.32082717872969,0.0906942392909897,0.230723781388479,0.31944854751354,-0.2788574934121,-1,"DominantF",2017-03-10,1594
2021-07-21,"VZUF051","Yearling","F",0.0706901644186275,0.544550556266614,0.191198188441469,0.193561090873289,0.637786748055528,0.310610052937012,1,"Subordinate",2020-03-09,499
2021-07-21,"VZUF052","Yearling","F",0.248765066192452,0.367615095830863,0.203220707370085,0.180399130606599,0.619344003161431,0.115183584842874,0,"Subordinate",2020-03-09,499
2021-07-21,"VZUF054","Yearling","F",0.112584733274388,0.408979271048237,0.139208173690932,0.339227821986443,0.622556243245898,0.281417591246558,0.5,"Subordinate",2020-03-09,499
2021-07-21,"VZUM053","Yearling","M",0.201417888705448,0.339904826648538,0.182286102748373,0.27639118189764,0.518014955812373,0.0720478907752219,-0.5,"Subordinate",2020-03-09,499
2021-07-22,"VZUF028","DominantF","F",0.200812660393499,0.430816937553465,0.0355004277159966,0.33286997433704,0.371043627031651,-0.130098155598845,-1,"DominantF",2017-03-10,1595
2021-07-22,"VZUF051","Yearling","F",0.18503852739726,0.298480308219178,0.0698844178082192,0.446596746575342,0.395869006849315,-0.0635973413200786,-0.6,"Subordinate",2020-03-09,500
2021-07-22,"VZUF052","Yearling","F",0.139620596205962,0.496476964769648,0.150027100271003,0.213875338753388,0.542439024390244,0.123818178305254,0.6,"Subordinate",2020-03-09,500
2021-07-22,"VZUF054","Yearling","F",0.0502332646197244,0.450254963654117,0.139199305630899,0.360312466095259,0.67256157101009,0.348510155384108,1,"Subordinate",2020-03-09,500
2021-07-22,"VZUM053","Yearling","M",0.119709277469004,0.614685763146644,0.0922402736212056,0.173364685763147,0.429029499786233,-0.00534482064143262,-0.2,"Subordinate",2020-03-09,500
2021-07-22,"VZUM057","Yearling","M",0.0354908306364617,0.673678532901834,0.0297734627831715,0.261057173678533,0.543689320388349,0.172067038846209,0.2,"Subordinate",2020-03-27,482
2021-07-23,"VZUF028","DominantF","F",0.248248937880354,0.337352164427604,0.14065908829946,0.273739809392582,0.467677115627512,0.113556527698932,0,"DominantF",2017-03-10,1596
2021-07-23,"VZUF051","Yearling","F",0.362361192285213,0.47656341320865,0.0751607247223846,0.0859146697837522,0.318877849210988,-0.269927177104163,-1,"Subordinate",2020-03-09,501
2021-07-23,"VZUF052","Yearling","F",0.0860919540229885,0.422298850574713,0.256781609195402,0.234827586206897,0.700689655172414,0.421479792656811,1,"Subordinate",2020-03-09,501
2021-07-23,"VZUM053","Yearling","M",0.268825116507236,0.301569781702232,0.192420897718911,0.237184204071621,0.49803777287221,0.0555172331868968,-0.5,"Subordinate",2020-03-09,501
2021-07-23,"VZUM059","Yearling","M",0.147752098424744,0.451075083362079,0.161434977578475,0.239737840634702,0.582844659077843,0.240349455662799,0.5,"Subordinate",2020-03-27,483
2021-07-25,"VWM213","DominantM","M",0.0673476259961836,0.387248849478056,0.187338646312717,0.358064878213043,0.672353799528567,0.377895357633149,1,"DominantM",2018-05-02,1180
2021-07-25,"VZUF028","DominantF","F",0.202667570927998,0.477902113710862,0.0833050751667232,0.236125240194416,0.447157228439019,-0.0366832917701235,0,"DominantF",2017-03-10,1598
2021-07-25,"VZUF051","Yearling","F",0.296480144404332,0.391132671480144,0.104580324909747,0.207806859205776,0.46028880866426,0.0429991233643968,-0.5,"Subordinate",2020-03-09,503
2021-07-25,"VZUF052","Yearling","F",0.0840004510091329,0.421693539294171,0.176006314127861,0.318299695568835,0.667268012177247,0.341728039573832,0.5,"Subordinate",2020-03-09,503
2021-07-25,"VZUM053","Yearling","M",0.312675109268183,0.311106130225261,0.115319959654825,0.260898800851732,0.442003810377676,-0.0483798279676428,-1,"Subordinate",2020-03-09,503
2021-08-11,"VNQF013","DominantF","F",0.05866265554492,0.481061124025708,0.1732531108984,0.287023109530972,0.700396554081772,0.345260483788835,1,"DominantF",2019-11-12,638
2021-08-11,"VNQF014","Yearling","F",0.0638297872340425,0.673417072545501,0.0801076647013586,0.182645475519098,0.54421943091515,0.152811115129566,0.2,"Subordinate",2019-11-11,639
2021-08-11,"VNQF020","Yearling","F",0.210546525022399,0.462946371432228,0.0656597977729425,0.260847305772431,0.305004479713298,-0.311707232239444,-0.2,"Subordinate",2020-04-22,476
2021-08-11,"VNQM012","Yearling","M",0.244084851781343,0.446287734566222,0.091650802284471,0.217976611367963,0.328664672287191,-0.227244287244484,-1,"Subordinate",2019-11-11,639
2021-08-11,"VNQM018","Yearling","M",0.0513552068473609,0.337440020749579,0.125664634937103,0.485540137465958,0.588639605758008,0.192344824471119,0.6,"Subordinate",2020-04-22,476
2021-08-11,"VZUM034","DominantM","M",0.205688375927453,0.515526243473482,0.121461940093432,0.157323440505633,0.528167078867821,0.0151854654913153,-0.6,"DominantM",2018-04-07,1222
2021-08-12,"VNQF013","DominantF","F",0.0193769563273215,0.458637650916679,0.220599195111045,0.301386197644955,0.813832165747503,0.427220785512651,1,"DominantF",2019-11-12,639
2021-08-12,"VNQF014","Yearling","F",0.131590413943355,0.309222948438635,0.0954248366013072,0.463761801016703,0.549164851125635,0.113370804771493,-0.333333333333333,"Subordinate",2019-11-11,640
2021-08-12,"VNQF016","Yearling","F",0.334871558221812,0.318104906937394,0.0506075988309491,0.296415936009845,0.19781572065836,-0.401116306405726,-1,"Subordinate",2020-02-01,558
2021-08-12,"VNQF020","Yearling","F",0.218936678614098,0.436529271206691,0.0954301075268817,0.24910394265233,0.3805256869773,-0.11593858619172,-0.666666666666667,"Subordinate",2020-04-22,477
2021-08-12,"VNQM012","Yearling","M",0.059840232389252,0.709949164851126,0.0906318082788671,0.139578794480755,0.541466957153232,0.158677030236083,0.333333333333333,"Subordinate",2019-11-11,640
2021-08-12,"VNQM018","Yearling","M",0.172846631077767,0.455345548982831,0.124513057278892,0.247294762660511,0.545952964940124,0.10307042443034,0,"Subordinate",2020-04-22,477
2021-08-12,"VZUM034","DominantM","M",0.0792577675489068,0.317318757192175,0.214326812428078,0.38909666283084,0.519994246260069,0.275851238265314,0.666666666666667,"DominantM",2018-04-07,1223
2021-08-13,"VNQF013","DominantF","F",0.0989244902531929,0.600492941967287,0.0963477481514676,0.204234819628053,0.605870490701322,0.265866074072852,0.333333333333333,"DominantF",2019-11-12,640
2021-08-13,"VNQF014","Yearling","F",0.117583069620253,0.393196202531646,0.170094936708861,0.31912579113924,0.663271360759494,0.364676610280684,1,"Subordinate",2019-11-11,641
2021-08-13,"VNQF020","Yearling","F",0.117101147028154,0.360479666319082,0.130448383733055,0.391970802919708,0.573096976016684,0.244833086757093,-0.333333333333333,"Subordinate",2020-04-22,478
2021-08-13,"VNQM012","Yearling","M",0.250177394830208,0.509579320831221,0.0472377090724785,0.193005575266092,0.281702990369995,-0.236980346551211,-1,"Subordinate",2019-11-11,641
2021-08-13,"VNQM018","Yearling","M",0.203071495278614,0.32665767354986,0.129812182214382,0.340458648957144,0.422226834076995,-0.0636989474592158,-0.666666666666667,"Subordinate",2020-04-22,478
2021-08-13,"VNQM019","Yearling","M",0.0513263543042992,0.463563370261205,0.117694887691839,0.367415387742657,0.635938611647525,0.322798486081683,0.666666666666667,"Subordinate",2020-04-22,478
2021-08-13,"VZUM034","DominantM","M",0.135933091495365,0.408504635227731,0.0964328899637243,0.35912938331318,0.493248690044337,0.116875535060427,0,"DominantM",2018-04-07,1224
2021-08-14,"VNQF013","DominantF","F",0.0370412844036697,0.444724770642202,0.238417431192661,0.279816513761468,0.686926605504587,0.353944686865377,0.6,"DominantF",2019-11-12,641
2021-08-14,"VNQF014","Yearling","F",0.0857573299339437,0.333526480472824,0.216479313941361,0.364236875651872,0.612585467609225,0.327452321217253,0.2,"Subordinate",2019-11-11,642
2021-08-14,"VNQF020","Yearling","F",0.303161739527451,0.375413765551878,0.0345850930259103,0.286839401894761,0.171898185138683,-0.490271221491064,-1,"Subordinate",2020-04-22,479
2021-08-14,"VNQM012","Yearling","M",0.0846726773814191,0.339082712661701,0.208545668365347,0.367698941591533,0.818894551156409,0.557293604606708,1,"Subordinate",2019-11-11,642
2021-08-14,"VNQM018","Yearling","M",0.105738084220268,0.60666358167515,0.0322767237390097,0.255321610365571,0.381073577047663,-0.115520666442407,-0.6,"Subordinate",2020-04-22,479
2021-08-14,"VZUM034","DominantM","M",0.146159234181648,0.403105300023348,0.105766985757647,0.344968480037357,0.413495213635302,-0.0506191544199384,-0.2,"DominantM",2018-04-07,1225
2021-08-15,"VNQF013","DominantF","F",0.144399620313242,0.420028476506882,0.0953962980541054,0.340175605125771,0.500593260560038,0.0598773491628602,-0.2,"DominantF",2019-11-12,642
2021-08-15,"VNQF014","Yearling","F",0.0557957586987853,0.581017088737904,0.1408276714021,0.222359481161211,0.59810582664196,0.154791958698563,1,"Subordinate",2019-11-11,643
2021-08-15,"VNQF016","Yearling","F",0.162841530054645,0.477838494231937,0.0797814207650273,0.279538554948391,0.478324225865209,0.0604941003732936,0.2,"Subordinate",2020-02-01,561
2021-08-15,"VNQF020","Yearling","F",0.0780493564765616,0.539142755933404,0.163773763136144,0.219034124453891,0.555437477860432,0.235505521906903,0.6,"Subordinate",2020-04-22,480
2021-08-15,"VNQM018","Yearling","M",0.227722772277228,0.357024988213107,0.0625884016973126,0.352663837812353,0.453206034889203,-0.157448848691487,-1,"Subordinate",2020-04-22,480
2021-08-15,"VZUM034","DominantM","M",0.151814783552394,0.411310744000965,0.105390088026046,0.331484384420596,0.422645604726878,0.0835768279770609,-0.6,"DominantM",2018-04-07,1226
2021-08-16,"VNQF013","DominantF","F",0,0.685344827586207,0.0948275862068965,0.219827586206897,0.887931034482759,0.636025716336336,1,"DominantF",2019-11-12,643
2021-08-16,"VNQF020","Yearling","F",0.128818265967294,0.686516507250848,0.0598580684973774,0.12480715828448,0.400030854674483,-0.137390199211161,-0.5,"Subordinate",2020-04-22,481
2021-08-16,"VNQM018","Yearling","M",0.197729713146188,0.311704249117963,0.192360791532444,0.298205246203405,0.614664825893542,0.244327587696315,0,"Subordinate",2020-04-22,481
2021-08-16,"VNQM019","Yearling","M",0.0700627199020958,0.610677680893376,0.088572739788894,0.230686859415634,0.614196114425578,0.286479873720233,0.5,"Subordinate",2020-04-22,481
2021-08-16,"VZUM034","DominantM","M",0.305948577514073,0.348547086566256,0.0807850296668188,0.264719306252853,0.393884071200365,-0.0909473596305325,-1,"DominantM",2018-04-07,1227
2022-06-12,"VNQF013","DominantF","F",0.158393113342898,0.578383548541368,0.0987087517934003,0.164514586322334,0.505308464849354,0.0136146079863446,-0.333333333333333,"DominantF",2019-11-12,943
2022-06-12,"VNQM028","Yearling","M",0.183213429256595,0.485659472422062,0.154340527577938,0.176786570743405,0.447673860911271,-0.00359377833366101,0.333333333333333,"Subordinate",2021-03-07,462
2022-06-12,"VNQM029","Yearling","M",0.221595256312165,0.349560061208875,0.129973221117062,0.298871461361897,0.471403978576894,0.015546055758824,-1,"Subordinate",2021-03-07,462
2022-06-12,"VZUM034","DominantM","M",0.092967475774729,0.562314113019284,0.149669001247242,0.195049409958745,0.542550129521251,0.10759368509566,1,"DominantM",2018-04-07,1527
2022-06-13,"VNQF013","DominantF","F",0.115612439179183,0.569177067907764,0.075206261899725,0.240004231013328,0.486037656018616,0.272509445381206,1,"DominantF",2019-11-12,944
2022-06-13,"VNQM028","Yearling","M",0.179609590494377,0.35508168894547,0.135158073413961,0.330150647146191,0.499151283683429,0.144515587656422,0.333333333333333,"Subordinate",2021-03-07,463
2022-06-13,"VNQM029","Yearling","M",0.273975541729243,0.372237717228063,0.103411285131946,0.250375455910749,0.324179360652221,-0.0933646537444874,-1,"Subordinate",2021-03-07,463
2022-06-13,"VZUM034","DominantM","M",0.0921288959323825,0.679344955097729,0.0644479661912308,0.164078182778658,0.404754358161648,0.0120981450223983,-0.333333333333333,"DominantM",2018-04-07,1528
2022-06-14,"VNQF013","DominantF","F",0.0884065120868278,0.671139615194869,0.0963986186482486,0.144055254070054,0.594375925012333,0.218010417718414,1,"DominantF",2019-11-12,945
2022-06-14,"VNQM028","Yearling","M",0.0779105361903821,0.509331490076034,0.152957440505579,0.259800533228004,0.574207563937988,0.306352469290195,-0.333333333333333,"Subordinate",2021-03-07,464
2022-06-14,"VNQM029","Yearling","M",0.399940793368857,0.271363726070653,0.0515097690941385,0.277185711466351,0.25389776988356,-0.374815649001492,-1,"Subordinate",2021-03-07,464
2022-06-14,"VZUM034","DominantM","M",0.106966646931123,0.532958358002763,0.125320702585356,0.234754292480758,0.564140517071245,0.2090598656498,0.333333333333333,"DominantM",2018-04-07,1529
2022-06-15,"VNQF013","DominantF","F",0.0929234454536381,0.678710450144725,0.02365505539475,0.204711049006887,0.478989919153608,0.0680468068746542,0.333333333333333,"DominantF",2019-11-12,946
2022-06-15,"VNQM028","Yearling","M",0.149291896144768,0.477576711250983,0.0821203776553895,0.291011014948859,0.545633359559402,0.17580614869194,1,"Subordinate",2021-03-07,465
2022-06-15,"VNQM029","Yearling","M",0.219952867242734,0.268362136684996,0.135703063629222,0.375981932443048,0.429988216810683,-0.0284289016770915,-1,"Subordinate",2021-03-07,465
2022-06-15,"VZUM034","DominantM","M",0.15793144679155,0.544539657233958,0.0612793941809486,0.236249501793543,0.462335591869271,0.0255898211422281,-0.333333333333333,"DominantM",2018-04-07,1530
2022-06-29,"VECM009","DominantM","M",0.0929478138222849,0.567559943582511,0.0909732016925247,0.24851904090268,0.531875881523272,0.186574104663191,1,"DominantM",2019-04-17,1169
2022-06-29,"VSIF002","Sub-Adult","F",0.106284882310119,0.613807328318369,0.0544770686726523,0.225430720698859,0.47379276874545,0.0325261226100474,-0.2,"Juvenile",2021-05-29,396
2022-06-29,"VSIF005","Sub-Adult","F",0.133374233128834,0.405766871165644,0.0695705521472393,0.391288343558282,0.506134969325153,0.0646803130582843,0.2,"Juvenile",2021-07-02,362
2022-06-29,"VSIM001","Eldest Sub","M",0.25201394733678,0.204641096549237,0.119033305278346,0.424311650835638,0.411446435012625,-0.154412298232251,-1,"Subordinate",2021-05-27,398
2022-06-29,"VSIM012","Sub-Adult","M",0.0934011411560407,0.574051103944431,0.0787645745472587,0.25378318035227,0.56561647233937,0.125721182242804,0.6,"Juvenile",2021-12-12,199
2022-06-29,"VZUF048","DominantF","F",0.0884699895917659,0.505493234647855,0.0574765814733434,0.348560194287036,0.46709841563548,0.0701266319757391,-0.6,"DominantF",2019-05-09,1147
2022-06-30,"VECM009","DominantM","M",0.0815994210240637,0.441107291478198,0.256196851818346,0.221096435679392,0.591279174959291,0.354211958303364,-0.6,"DominantM",2019-04-17,1170
2022-06-30,"VSIF002","Sub-Adult","F",0.0549847792998478,0.670471841704718,0.104832572298326,0.169710806697108,0.693873668188737,0.354971113557307,0.2,"Juvenile",2021-05-29,397
2022-06-30,"VSIF005","Sub-Adult","F",0.106239460370995,0.574105302604459,0.237586659171819,0.0820685778527263,0.742177253138467,0.448864608619433,1,"Juvenile",2021-07-02,363
2022-06-30,"VSIM001","Eldest Sub","M",0.400718180609124,0,0.140976193642772,0.458305625748105,0.21705013964623,-0.405405405405405,-1,"Subordinate",2021-05-27,399
2022-06-30,"VSIM012","Sub-Adult","M",0.106472233320016,0.629644426687974,0.11865761086696,0.14522572912505,0.663803435876948,0.359063955888971,-0.2,"Juvenile",2021-12-12,200
2022-06-30,"VZUF048","DominantF","F",0.046225272507065,0.585991118288252,0.178845377472749,0.188938231731934,0.687727089220832,0.368561840449924,0.6,"DominantF",2019-05-09,1148
2022-07-01,"VECM009","DominantM","M",0.135724727313617,0.592600922073541,0.0692679635668503,0.202406387045991,0.484650848982346,-0.0127965595323901,-1,"DominantM",2019-04-17,1171
2022-07-01,"VSIF002","Sub-Adult","F",0.23614663256607,0.395780051150895,0.161125319693095,0.20694799658994,0.42039641943734,-0.0339217626400084,0.2,"Juvenile",2021-05-29,398
2022-07-01,"VSIF005","Sub-Adult","F",0.17073437671008,0.431104301192952,0.173470504541972,0.224690817554996,0.504651417314217,0.00762206945353285,0.6,"Juvenile",2021-07-02,364
2022-07-01,"VSIM001","Eldest Sub","M",0.208467655276166,0.428110896196003,0.0870406189555126,0.276380829572319,0.395658714807651,-0.135005929556935,-0.2,"Subordinate",2021-05-27,400
2022-07-01,"VSIM012","Sub-Adult","M",0.171231300345224,0.525086306098964,0.0873417721518987,0.216340621403913,0.482393555811277,-0.0448599797794877,-0.6,"Juvenile",2021-12-12,201
2022-07-01,"VZUF048","DominantF","F",0.106697902246832,0.469492066872538,0.21573847300607,0.208071557874561,0.578958577361303,0.282356584172821,1,"DominantF",2019-05-09,1149
2022-07-02,"VECM009","DominantM","M",0.21857210626186,0.454222011385199,0.086219165085389,0.240986717267552,0.360294117647059,-0.250753122930205,-1,"DominantM",2019-04-17,1172
2022-07-02,"VSIF003","Sub-Adult","F",0.203984819734345,0.255574003795066,0.100687855787476,0.439753320683112,0.398244781783681,-0.117516481286014,-0.6,"Juvenile",2021-05-29,399
2022-07-02,"VSIF005","Sub-Adult","F",0.106847343806212,0.39980813047128,0.128432665787265,0.364911859935244,0.541671663268977,0.0892044845817733,0.6,"Juvenile",2021-07-02,365
2022-07-02,"VSIM001","Eldest Sub","M",0.0164348925410872,0.761061946902655,0.0720606826801517,0.150442477876106,0.427307206068268,0.0335831751195741,0.2,"Subordinate",2021-05-27,401
2022-07-02,"VSIM012","Sub-Adult","M",0.119238950602694,0.527062160245805,0.054242495863862,0.299456393287639,0.443866698180099,-0.0587475951906274,-0.2,"Juvenile",2021-12-12,202
2022-07-02,"VZUF048","DominantF","F",0.0704877180491278,0.305446778212887,0.264032277204225,0.360033226533761,0.661920018986591,0.324466418034483,1,"DominantF",2019-05-09,1150
2022-07-03,"VECM009","DominantM","M",0.0902168897092755,0.498615597600369,0.14443931702815,0.266728195662206,0.482233502538071,0.0264374799449948,0.5,"DominantM",2019-04-17,1173
2022-07-03,"VSIF003","Sub-Adult","F",0.273969534050179,0.221326164874552,0.028673835125448,0.476030465949821,0.448700716845878,-0.12896096592161,-0.5,"Juvenile",2021-05-29,400
2022-07-03,"VSIF005","Sub-Adult","F",0.0460556315549476,0.499088007295942,0.255357957136343,0.199498404012768,0.671454628362973,0.341384385279021,1,"Juvenile",2021-07-02,366
2022-07-03,"VSIM012","Sub-Adult","M",0.155575952271684,0.462138595686095,0.188389169343736,0.193896282698486,0.505277650298302,0.0440174565024595,0,"Juvenile",2021-12-12,203
2022-07-03,"VZUF048","DominantF","F",0.30104119511091,0.279764599366229,0.0387052965142598,0.380488909008601,0.267768220914441,-0.380404534483197,-1,"DominantF",2019-05-09,1151
2022-07-12,"VJXM122","DominantM","M",0.141942369263607,0.445630262065694,0.0946282461757382,0.31779912249496,0.604292659788924,0.218601099638303,-0.25,"DominantM",2018-12-01,1319
2022-07-12,"VMPF022","DominantF","F",0.0381751566008746,0.544852854272545,0.0616948351258716,0.355277154000709,0.611157073631958,0.261272322441835,0.5,"DominantF",2018-12-21,1299
2022-07-12,"VRWF002","Eldest Sub","F",0.385727833096254,0.303105737316264,0.0224039829302987,0.288762446657183,0.213252726410621,-0.426378967641831,-1,"Subordinate",2021-02-06,521
2022-07-12,"VRWF008","Yearling","F",0.196973279735162,0.313785764956254,0.0989595649089619,0.390281390399622,0.455426814849846,0.0130801960829294,-0.75,"Subordinate",2021-07-30,347
2022-07-12,"VRWF016","Juvenile","F",0.102378121284185,0.572770511296076,0.0782401902497027,0.246611177170036,0.625921521997622,0.230225849904624,0,"Juvenile",2022-03-04,130
2022-07-12,"VRWM005","Yearling","M",0.136857176947858,0.414509008471543,0.18434554349123,0.264288271089369,0.52845722467486,0.236502401611128,0.25,"Subordinate",2021-02-06,521
2022-07-12,"VRWM009","Sub-Adult","M",0.0934170021311864,0.458441865972058,0.0816954771489462,0.36644565474781,0.564409187781198,0.26010846772063,0.75,"Juvenile",2021-12-15,209
2022-07-12,"VRWM012","Juvenile","M",0.110420475319927,0.488848263254113,0.0881170018281536,0.312614259597806,0.572212065813528,0.206957385096317,-0.5,"Juvenile",2022-03-04,130
2022-07-12,"VRWM015","Juvenile","M",0.0341965060091686,0.474414570685169,0.161442200470821,0.329946722834841,0.697930863585677,0.389482167989843,1,"Juvenile",2022-03-04,130
2022-07-13,"VJXM122","DominantM","M",0.119397103733622,0.629199093685351,0.0938823761205793,0.157521426460447,0.624174958132204,0.225053414612813,1,"DominantM",2018-12-01,1320
2022-07-13,"VMPF022","DominantF","F",0.216096698113208,0.586379716981132,0.0685927672955975,0.128930817610063,0.563089622641509,0.0959020108013073,0.111111111111111,"DominantF",2018-12-21,1300
2022-07-13,"VRWF002","Eldest Sub","F",0.13901705115346,0.516950852557673,0.202808425275827,0.141223671013039,0.518655967903711,0.0997375889782981,0.777777777777778,"Subordinate",2021-02-06,522
2022-07-13,"VRWF008","Yearling","F",0.199800895968143,0.477053260328522,0.0906918865107018,0.232453957192633,0.510602289696366,0.0350088576187002,-0.111111111111111,"Subordinate",2021-07-30,348
2022-07-13,"VRWF016","Juvenile","F",0.154547255795522,0.603427778878542,0.0783633841886269,0.163661581137309,0.533881513770557,0.0748486471454517,-0.555555555555556,"Juvenile",2022-03-04,131
2022-07-13,"VRWM001","Eldest Sub","M",0.165395423524689,0.469490164592533,0.224106784423926,0.141007627458852,0.636491368928141,0.176987464255129,0.555555555555556,"Subordinate",2021-02-06,522
2022-07-13,"VRWM005","Yearling","M",0.277253563541458,0.185203774342502,0.234089540252961,0.30345312186308,0.477012648062638,0.0342496601094839,-0.333333333333333,"Subordinate",2021-02-06,522
2022-07-13,"VRWM009","Sub-Adult","M",0.29505107606863,0.376673609044927,0.107606863036795,0.220668451849648,0.38837647525538,-0.11360084091961,-1,"Juvenile",2021-12-15,210
2022-07-13,"VRWM012","Juvenile","M",0.143086333099368,0.519703198636318,0.0963601724656573,0.240850295798656,0.501955279253986,0.12081076414692,0.333333333333333,"Juvenile",2022-03-04,131
2022-07-13,"VRWM015","Juvenile","M",0.263621353880022,0.324160704457898,0.0911759310218309,0.32104201064025,0.368189323059989,-0.140197319150679,-0.777777777777778,"Juvenile",2022-03-04,131
