"","IndividID","Code"
"1",-6,"UnknownAd"
"2",-5,"UnknownJuv"
"3",-4,"UnknownPup"
"4",-3,"Unknown"
"5",-2,"UnknownM"
"6",-1,"UnknownF"
"7",1,"VXF016"
"8",2,"VXM001"
"9",3,"VXM002"
"10",4,"VXM003"
"11",5,"VXM004"
"12",6,"VXM005"
"13",7,"VXM007"
"14",8,"VXM008"
"15",9,"VXM012"
"16",10,"VXM014"
"17",11,"VXM015"
"18",12,"VXU009"
"19",13,"VXU010"
"20",14,"VXU011"
"21",15,"VXU013"
"22",16,"VXU017"
"23",17,"VXU018"
"24",18,"VXU019"
"25",19,"VXU020"
"26",20,"VXU021"
"27",21,"VXU022"
"28",22,"VXU023"
"29",23,"VXU024"
"30",24,"VXXF002"
"31",25,"VXXF003"
"32",26,"VXXF004"
"33",27,"VXXM001"
"34",28,"VXXU005"
"35",29,"VXXU006"
"36",30,"VXXU007"
"37",31,"VXXU008"
"38",32,"VXXU009"
"39",33,"R.Y/Y_a"
"40",34,"VYF002"
"41",35,"R.Y/W"
"42",36,"R.Y/DB"
"43",37,"VYF005"
"44",38,"VYF006"
"45",39,"VYF007"
"46",40,"VYF008"
"47",41,"VYF010"
"48",43,"VYF011"
"49",44,"VYF013"
"50",45,"VYF014"
"51",46,"VYF020"
"52",47,"VYF021"
"53",48,"VYF022"
"54",49,"VYF026"
"55",50,"VYF027"
"56",51,"VYF028"
"57",52,"VYF032"
"58",53,"VYF033"
"59",54,"VYF036"
"60",55,"VYF040"
"61",56,"VYF041"
"62",57,"VYF043"
"63",58,"VYF046"
"64",59,"VYF049"
"65",60,"VYF050"
"66",61,"VYF052"
"67",62,"VYF053"
"68",63,"VYF060"
"69",64,"VYF064"
"70",65,"VYF068"
"71",66,"VYF072"
"72",67,"VYF077"
"73",68,"VYF079"
"74",69,"VYF080"
"75",70,"VYF083"
"76",71,"VYF084"
"77",72,"VYF085"
"78",73,"VYF088"
"79",74,"VYF089"
"80",75,"VYF090"
"81",76,"VYF092"
"82",77,"VYF094"
"83",78,"VYF095"
"84",79,"VYF096"
"85",80,"VYF100"
"86",81,"VYF103"
"87",82,"VYF108"
"88",83,"VYF112"
"89",84,"VYF115"
"90",85,"VYF123"
"91",86,"VYF124"
"92",87,"VYF127"
"93",88,"VYF128"
"94",89,"VYF131"
"95",90,"VYF132"
"96",91,"VYF133"
"97",92,"L.Y/PB"
"98",93,"L.Y/G"
"99",94,"L.Y/R_a"
"100",95,"VYM004"
"101",96,"VYM005"
"102",97,"VYM009"
"103",98,"VYM012"
"104",99,"VYM015"
"105",100,"VYM016"
"106",101,"VYM018"
"107",102,"VYM019"
"108",103,"VYM023"
"109",104,"VYM024"
"110",105,"VYM025"
"111",106,"VYM029"
"112",107,"VYM030"
"113",108,"VYM031"
"114",109,"VYM034"
"115",110,"VYM035"
"116",111,"VYM037"
"117",112,"VYM039"
"118",113,"VYM042"
"119",114,"VYM044"
"120",115,"VYM047"
"121",116,"VYM048"
"122",117,"VYM051"
"123",118,"VYM054"
"124",120,"VYM057"
"125",121,"VYM058"
"126",122,"VYM059"
"127",123,"VYM061"
"128",124,"VYM062"
"129",125,"VYM063"
"130",126,"VYM065"
"131",127,"VYM069"
"132",128,"VYM070"
"133",129,"VYM071"
"134",130,"VYM073"
"135",131,"VYM078"
"136",132,"VYM081"
"137",133,"VYM082"
"138",135,"VYM086"
"139",136,"VYM087"
"140",137,"VYM091"
"141",138,"VYM093"
"142",139,"VYM097"
"143",140,"VYM098"
"144",141,"VYM099"
"145",142,"VYM101"
"146",143,"VYM102"
"147",144,"VYM104"
"148",145,"VYM105"
"149",146,"VYM106"
"150",147,"VYM107"
"151",148,"VYM109"
"152",149,"VYM110"
"153",150,"VYM111"
"154",151,"VYM113"
"155",152,"VYM114"
"156",153,"VYM121"
"157",154,"VYM122"
"158",155,"VYM125"
"159",156,"VYM126"
"160",157,"VYM129"
"161",158,"VYM130"
"162",159,"VYM134"
"163",160,"VYM135"
"164",161,"VYM136"
"165",162,"VYM137"
"166",163,"VYM142"
"167",164,"VYM143"
"168",165,"VYM144"
"169",166,"VYM145"
"170",167,"VYM901"
"171",168,"VYU017"
"172",169,"VYU038"
"173",170,"VYU045"
"174",171,"VYU055"
"175",172,"VYU056"
"176",173,"VYU066"
"177",174,"VYU067"
"178",175,"VYU074"
"179",176,"VYU075"
"180",177,"VYU076"
"181",178,"VYU116"
"182",179,"VYU117"
"183",180,"VYU118"
"184",181,"VYU119"
"185",182,"VYF120"
"186",183,"VYU138"
"187",184,"VYU139"
"188",185,"VYU140"
"189",186,"VYU141"
"190",187,"VZF001"
"191",188,"VZF008"
"192",189,"VZM008"
"193",190,"VZZF002"
"194",191,"VZZF005"
"195",192,"VZZF006"
"196",193,"VZZF008"
"197",194,"VZZF009"
"198",195,"VZZF012"
"199",196,"VZZF014"
"200",197,"VZZF015"
"201",198,"VZZF017"
"202",199,"VZZF018"
"203",200,"VZZF019"
"204",201,"VZZF022"
"205",202,"VZZF023"
"206",203,"VZZF024"
"207",204,"VZZF028"
"208",205,"VZZF029"
"209",206,"VZZF031"
"210",207,"VZZF034"
"211",208,"VZZF035"
"212",209,"VZZF038"
"213",210,"VZZF042"
"214",211,"VZZF044"
"215",212,"VZZF046"
"216",213,"VZZF048"
"217",214,"VZZF052"
"218",215,"VZZF056"
"219",216,"VZZF057"
"220",217,"VZZM001"
"221",218,"VZZM003"
"222",219,"VZZM004"
"223",220,"VZZM007"
"224",221,"VZZM010"
"225",222,"VZZM011"
"226",223,"VZZM013"
"227",224,"VZZM020"
"228",225,"VZZM025"
"229",226,"VZZM026"
"230",227,"VZZM027"
"231",228,"VZZM030"
"232",229,"VZZM032"
"233",230,"VZZM033"
"234",231,"VZZM036"
"235",232,"VZZM037"
"236",233,"VZZM039"
"237",234,"VZZM041"
"238",235,"VZZM043"
"239",236,"VZZM045"
"240",237,"VZZM047"
"241",239,"VZZM049"
"242",240,"VZZM050"
"243",241,"VZZM051"
"244",242,"VZZM053"
"245",243,"VZZM054"
"246",244,"VZZM058"
"247",245,"VZZM059"
"248",246,"VZZM060"
"249",249,"VZZF016"
"250",250,"VZZU021"
"251",251,"VZZU040"
"252",252,"VZZU055"
"253",253,"VAAM001"
"254",254,"VAAM002"
"255",255,"107"
"256",256,"101"
"257",257,"103"
"258",258,"VAF004"
"259",259,"VAF005"
"260",260,"102"
"261",261,"160_a"
"262",262,"VAM003"
"263",263,"109_108"
"264",264,"104"
"265",265,"105"
"266",266,"106_110"
"267",267,"111_112"
"268",268,"124"
"269",269,"VAM010"
"270",270,"VAM011"
"271",271,"VAM012"
"272",272,"VAM013"
"273",273,"VAM014"
"274",274,"VAU901"
"275",275,"VAU902"
"276",276,"VAU903"
"277",277,"VAU904"
"278",278,"VAU905"
"279",279,"VBF001"
"280",280,"VBF002"
"281",281,"VBF003"
"282",282,"VBF012"
"283",283,"VBF013"
"284",284,"VBF020"
"285",285,"VBF027"
"286",286,"VBF030"
"287",287,"VBF031"
"288",288,"VBF033"
"289",289,"VBF037"
"290",290,"VBF038"
"291",291,"VBF039"
"292",292,"VBF041"
"293",293,"VBF042"
"294",294,"VBF043"
"295",295,"VBF046"
"296",296,"VBF049"
"297",297,"VBF061"
"298",298,"VBF065"
"299",299,"VBF068"
"300",300,"VBF069"
"301",301,"VBF076"
"302",302,"80"
"303",303,"VBM004"
"304",304,"VBM005"
"305",305,"VBM006"
"306",306,"VBM007"
"307",307,"VBM008"
"308",308,"VBM009"
"309",309,"VBM010"
"310",310,"VBM011"
"311",311,"VBM014"
"312",312,"VBM015"
"313",313,"VBM016"
"314",314,"VBM017"
"315",315,"VBM018"
"316",316,"VBM019"
"317",317,"VBM022"
"318",318,"VBM023"
"319",319,"VBM024"
"320",320,"VBM025"
"321",321,"VBM026"
"322",322,"VBM028"
"323",323,"VBM029"
"324",324,"VBM032"
"325",325,"VBM036"
"326",326,"VBM040"
"327",327,"VBM044"
"328",328,"VBM045"
"329",329,"VBM047"
"330",330,"VBM048"
"331",331,"VBM050"
"332",332,"VBM052"
"333",333,"VBM056"
"334",334,"VBM057"
"335",335,"VBM058"
"336",336,"VBM059"
"337",337,"VBM060"
"338",338,"VBM062"
"339",339,"VBM063"
"340",340,"VBM066"
"341",341,"VBM067"
"342",342,"VBU034"
"343",343,"VBU035"
"344",344,"VBU051"
"345",345,"VBU053"
"346",346,"VBU054"
"347",347,"VBU055"
"348",348,"VBU064"
"349",349,"VBU070"
"350",350,"VBU071"
"351",351,"VBU072"
"352",352,"VBU073"
"353",353,"VBU074"
"354",354,"VBU075"
"355",355,"VCDF002"
"356",356,"VCDF003"
"357",357,"VCDF005"
"358",358,"VCDF008"
"359",359,"VCDF011"
"360",360,"VCDF012"
"361",361,"VCDF013"
"362",362,"VCDF018"
"363",363,"VCDF019"
"364",364,"VCDF020"
"365",365,"VCDF022"
"366",366,"VCDF023"
"367",367,"VCDF027"
"368",368,"VCDF030"
"369",369,"VCDF033"
"370",371,"VCDM001"
"371",372,"VCDM006"
"372",373,"VCDM007"
"373",374,"VCDM009"
"374",375,"VCDM010"
"375",376,"VCDM015"
"376",377,"VCDM016"
"377",378,"VCDM017"
"378",379,"VCDM021"
"379",380,"VCDM024"
"380",381,"VCDM025"
"381",382,"VCDM026"
"382",383,"VCDM028"
"383",384,"VCDM029"
"384",385,"VCDM031"
"385",386,"VCDM032"
"386",387,"VCDM034"
"387",388,"VCDU004"
"388",389,"VCDF014"
"389",391,"VDF001"
"390",392,"VDF002"
"391",393,"VDF003"
"392",394,"VDF004"
"393",395,"VDF005"
"394",396,"VDF006"
"395",397,"VDF007"
"396",398,"VDF008"
"397",399,"VDF018"
"398",400,"VDF019"
"399",401,"VDF020"
"400",402,"VDF021"
"401",403,"VDF025"
"402",404,"VDF026"
"403",405,"VDF027"
"404",406,"VDF029"
"405",407,"VDF031"
"406",408,"VDF032"
"407",409,"VDF036"
"408",410,"VDF040"
"409",411,"VDF041"
"410",412,"VDF042"
"411",413,"VDF044"
"412",414,"VDF051"
"413",415,"VDF054"
"414",416,"VDF056"
"415",417,"VDF057"
"416",418,"VDF059"
"417",419,"VDF061"
"418",420,"VDF062"
"419",421,"VDF063"
"420",422,"VDF064"
"421",423,"VDF065"
"422",424,"VDF066"
"423",425,"VDF067"
"424",426,"VDF069"
"425",427,"VDF070"
"426",428,"VDF073"
"427",429,"VDF075"
"428",430,"VDF078"
"429",431,"VDF080"
"430",432,"VDF082"
"431",433,"VDF089"
"432",434,"VDF095"
"433",435,"VDF096"
"434",436,"VDF097"
"435",437,"VDF098"
"436",438,"VDF099"
"437",439,"VDF100"
"438",440,"VDF101"
"439",441,"VDF103"
"440",442,"VDF107"
"441",443,"VDF111"
"442",444,"VDF112"
"443",445,"VDF115"
"444",446,"VDM001"
"445",447,"VDM002"
"446",448,"VDM003"
"447",449,"VDM004"
"448",450,"VDM005"
"449",451,"VDM006"
"450",452,"VDM007"
"451",453,"VDM008"
"452",454,"VDM009"
"453",455,"VDM010"
"454",456,"VDM011"
"455",457,"VDM012"
"456",458,"VDM013"
"457",459,"VDM014"
"458",460,"VDM015"
"459",461,"VDM016"
"460",462,"VDM017"
"461",463,"VDM022"
"462",464,"VDM023"
"463",465,"VDM024"
"464",466,"VDM028"
"465",467,"VDM030"
"466",468,"VDM033"
"467",469,"VDM034"
"468",470,"VDM035"
"469",471,"VDM037"
"470",472,"VDM038"
"471",473,"VDM039"
"472",474,"VDM045"
"473",475,"VDM049"
"474",476,"VDM050"
"475",477,"VDM052"
"476",478,"VDM053"
"477",479,"VDM055"
"478",480,"VDM058"
"479",481,"VDM060"
"480",482,"VDM068"
"481",483,"VDM071"
"482",484,"VDM072"
"483",485,"VDM074"
"484",486,"VDM076"
"485",487,"VDM077"
"486",488,"VDM079"
"487",489,"VDM081"
"488",490,"VDM083"
"489",491,"VDM084"
"490",492,"VDM085"
"491",493,"VDM087"
"492",494,"VDM088"
"493",495,"VDM092"
"494",496,"VDM102"
"495",497,"VDM104"
"496",498,"VDM105"
"497",499,"VDM106"
"498",500,"VDM108"
"499",501,"VDM109"
"500",502,"VDM110"
"501",503,"VDM113"
"502",504,"VDM114"
"503",505,"VDM116"
"504",506,"VDU043"
"505",507,"VDU046"
"506",508,"VDU047"
"507",509,"VDU048"
"508",510,"VDU086"
"509",511,"VDU090"
"510",512,"VDU091"
"511",513,"VDU093"
"512",514,"VDU094"
"513",515,"VDU117"
"514",516,"VDU118"
"515",517,"VDU119"
"516",518,"VDU901"
"517",519,"VDU902"
"518",520,"VDU903"
"519",521,"VDU904"
"520",522,"VDU905"
"521",523,"VDU906"
"522",524,"VDU907"
"523",529,"VEF001"
"524",530,"VEF002"
"525",531,"VEF003"
"526",532,"VEF012"
"527",533,"VEF013"
"528",534,"VEF017"
"529",535,"VEF021"
"530",536,"VEF022"
"531",537,"VEF027"
"532",538,"VEF030"
"533",539,"VEF031"
"534",540,"VEF033"
"535",541,"VEF034"
"536",542,"VEF036"
"537",543,"VEF039"
"538",544,"VEF043"
"539",545,"VEF044"
"540",546,"VEF045"
"541",547,"VEF048"
"542",548,"VEF049"
"543",549,"VEF054"
"544",550,"VEF055"
"545",551,"VEF059"
"546",552,"VEF060"
"547",553,"VEF061"
"548",554,"VEF063"
"549",555,"VEF067"
"550",556,"VEF068"
"551",557,"VEF069"
"552",558,"VEF070"
"553",559,"VEF071"
"554",560,"VEF072"
"555",561,"VEF074"
"556",562,"VEF075"
"557",563,"VEF076"
"558",564,"VEF077"
"559",565,"VEF078"
"560",566,"VEF079"
"561",567,"VEF087"
"562",568,"VEF088"
"563",569,"VEF091"
"564",570,"VEF092"
"565",571,"VEF094"
"566",572,"VEF097"
"567",573,"VEF099"
"568",574,"VEF102"
"569",575,"VEF104"
"570",576,"VEF105"
"571",577,"VEF106"
"572",578,"VEF107"
"573",579,"VEF109"
"574",580,"VEF110"
"575",581,"VEF111"
"576",582,"VEF112"
"577",583,"VEF119"
"578",584,"VEF120"
"579",585,"VEF121"
"580",586,"VEF124"
"581",587,"VEF901"
"582",589,"VEM002"
"583",590,"VEM003"
"584",591,"VEM004"
"585",592,"VEM005"
"586",593,"VEM010"
"587",594,"VEM014"
"588",595,"VEM015"
"589",596,"VEM020"
"590",597,"VEM025"
"591",598,"VEM026"
"592",599,"VEM028"
"593",600,"VEM029"
"594",601,"VEM032"
"595",602,"VEM035"
"596",603,"VEM037"
"597",604,"VEM038"
"598",605,"VEM040"
"599",606,"VEM041"
"600",607,"VEM046"
"601",608,"VEM047"
"602",609,"VEM050"
"603",610,"VEM053"
"604",611,"VEM056"
"605",612,"VEM057"
"606",613,"VEM058"
"607",614,"VEM062"
"608",615,"VEM064"
"609",616,"VEM065"
"610",618,"VEM073"
"611",619,"VEM080"
"612",620,"VEM089"
"613",621,"VEM090"
"614",622,"VEM093"
"615",623,"VEM095"
"616",624,"VEM096"
"617",625,"VEM098"
"618",626,"VEM100"
"619",627,"VEM101"
"620",628,"VEM103"
"621",629,"VEM108"
"622",630,"VEM118"
"623",631,"VEM122"
"624",632,"VEM125"
"625",633,"VEU006"
"626",634,"VEU007"
"627",635,"VEU008"
"628",636,"VEU009"
"629",637,"VEU011"
"630",638,"VEU016"
"631",639,"VEU018"
"632",640,"VEU019"
"633",641,"VEU023"
"634",642,"VEU024"
"635",643,"VEU042"
"636",644,"VEM051"
"637",645,"VEM052"
"638",646,"VEU066"
"639",647,"VEU081"
"640",648,"VEU082"
"641",649,"VEU083"
"642",650,"VEU084"
"643",651,"VEU085"
"644",652,"VEU086"
"645",653,"VEM113"
"646",654,"VEM114"
"647",655,"VEU115"
"648",656,"VEU116"
"649",657,"VEU117"
"650",658,"VEU123"
"651",659,"VFF001"
"652",660,"VFF003"
"653",661,"VFF008"
"654",662,"VFF010"
"655",663,"VFF012"
"656",664,"VFF021"
"657",665,"VFF023"
"658",666,"VFF024"
"659",667,"VFF026"
"660",668,"VFF028"
"661",669,"VFF029"
"662",670,"VFF031"
"663",671,"VFF032"
"664",672,"VFF034"
"665",673,"VFF035"
"666",674,"VFF040"
"667",675,"VFF041"
"668",677,"VFF046"
"669",678,"VFF047"
"670",679,"VFF048"
"671",680,"VFF050"
"672",681,"VFF051"
"673",682,"VFF052"
"674",683,"VFF054"
"675",684,"VFF057"
"676",685,"VFF059"
"677",686,"VFF061"
"678",687,"VFF062"
"679",688,"VFF065"
"680",689,"VFF067"
"681",690,"VFF068"
"682",691,"VFF070"
"683",692,"VFF073"
"684",693,"VFF075"
"685",694,"VFF078"
"686",695,"VFF081"
"687",696,"VFF087"
"688",697,"VFF088"
"689",698,"VFF090"
"690",700,"VFF099"
"691",701,"VFF100"
"692",702,"VFF101"
"693",703,"VFF102"
"694",704,"VFF103"
"695",705,"VFF104"
"696",706,"VFF106"
"697",707,"VFF111"
"698",708,"VFF113"
"699",709,"VFF115"
"700",710,"VFF119"
"701",711,"VFF121"
"702",712,"VFF122"
"703",713,"VFF125"
"704",714,"VFF130"
"705",715,"VFF131"
"706",716,"VFF132"
"707",717,"VFF133"
"708",718,"VFF134"
"709",719,"VFF135"
"710",720,"VFM002"
"711",721,"VFM004"
"712",722,"VFM009"
"713",723,"VFM011"
"714",724,"VFM013"
"715",725,"VFM014"
"716",726,"VFM015"
"717",727,"VFM016"
"718",728,"VFM017"
"719",729,"VFM018"
"720",730,"VFM019"
"721",731,"VFM020"
"722",732,"VFM022"
"723",733,"VFM027"
"724",734,"VFM030"
"725",735,"VFM033"
"726",736,"VFM036"
"727",737,"VFM037"
"728",738,"VFM038"
"729",739,"VFM039"
"730",740,"VFM042"
"731",741,"VFM043"
"732",742,"VFM044"
"733",743,"VFM045"
"734",744,"VFM049"
"735",746,"VFM053"
"736",747,"VFM055"
"737",748,"VFM056"
"738",749,"VFM058"
"739",750,"VFM060"
"740",751,"VFM063"
"741",752,"VFM064"
"742",753,"VFM066"
"743",754,"VFM071"
"744",755,"VFM072"
"745",756,"VFM074"
"746",757,"VFM076"
"747",758,"VFM077"
"748",759,"VFM079"
"749",760,"VFM080"
"750",762,"VFM083"
"751",763,"VFM085"
"752",764,"VFM086"
"753",765,"VFM089"
"754",766,"VFM091"
"755",767,"VFM093"
"756",768,"VFM094"
"757",769,"VFM097"
"758",770,"VFM098"
"759",771,"VFM107"
"760",772,"VFM108"
"761",773,"VFM109"
"762",774,"VFM110"
"763",775,"VFM112"
"764",776,"VFM114"
"765",777,"VFM116"
"766",778,"VFM117"
"767",779,"VFM118"
"768",780,"VFM120"
"769",781,"VFM123"
"770",782,"VFM124"
"771",783,"VFM126"
"772",784,"VFM127"
"773",785,"VFM128"
"774",786,"VFM129"
"775",788,"VFM005"
"776",789,"VFU006"
"777",790,"VFU007"
"778",791,"VFU025"
"779",792,"VFU069"
"780",793,"VFU082"
"781",794,"VFU084"
"782",795,"VFU092"
"783",796,"VFU095"
"784",797,"VFU096"
"785",798,"VFU105"
"786",801,"VFM148"
"787",802,"VGF001"
"788",803,"VGF002"
"789",804,"128"
"790",805,"VGF004"
"791",806,"160_b"
"792",807,"VGF901"
"793",808,"VGF902"
"794",809,"VGF903"
"795",810,"VGF904"
"796",811,"VGGF009"
"797",812,"VGGF010"
"798",813,"VGGF011"
"799",814,"VGGF012"
"800",815,"VGGF014"
"801",816,"VGGF016"
"802",817,"VGGF019"
"803",818,"VGGF020"
"804",819,"VGGF023"
"805",820,"VGGF024"
"806",821,"VGGF027"
"807",822,"VGGF031"
"808",823,"VGGF032"
"809",824,"VGGF039"
"810",825,"VGGF041"
"811",826,"VGGM001"
"812",827,"VGGM002"
"813",828,"VGGM003"
"814",829,"VGGM004"
"815",830,"VGGM005"
"816",831,"VGGM006"
"817",832,"VGGM007"
"818",833,"VGGM008"
"819",834,"VGGM013"
"820",835,"VGGM015"
"821",836,"VGGM017"
"822",837,"VGGM018"
"823",838,"VGGM021"
"824",839,"VGGM022"
"825",840,"VGGM025"
"826",841,"VGGM026"
"827",842,"VGGM033"
"828",843,"VGGM034"
"829",844,"VGGM035"
"830",845,"VGGM036"
"831",846,"VGGM037"
"832",847,"VGGM038"
"833",848,"VGGM040"
"834",849,"VGGM042"
"835",850,"VGGM043"
"836",851,"VGGU028"
"837",852,"VGGU029"
"838",853,"VGGU030"
"839",854,"VGM001"
"840",855,"VGM002"
"841",856,"130"
"842",857,"VGM004"
"843",858,"126"
"844",859,"127"
"845",860,"129"
"846",861,"VGUUP1"
"847",862,"VGUUP2"
"848",863,"VGU905"
"849",864,"VGU906"
"850",865,"VHHU001"
"851",866,"VHHU002"
"852",867,"VHXF004"
"853",868,"VHXM001"
"854",869,"VHXM002"
"855",870,"VHXM003"
"856",871,"VJJF006"
"857",872,"VJJM001"
"858",873,"VJJM002"
"859",874,"VJJM003"
"860",875,"VJJM004"
"861",876,"VJJM005"
"862",877,"VJJU007"
"863",878,"VJJU008"
"864",879,"VJJU009"
"865",880,"VJJU010"
"866",881,"VJKF004"
"867",882,"VJKM001"
"868",883,"VJKM002"
"869",884,"VJKM003"
"870",885,"VJKM005"
"871",886,"VJVF001"
"872",887,"VJVF003"
"873",888,"VJVF004"
"874",889,"VJVM002"
"875",890,"VJVM005"
"876",891,"VLF001"
"877",892,"VLF002"
"878",893,"VLF003"
"879",894,"VLF004"
"880",895,"VLF005"
"881",896,"VLF008"
"882",897,"VLF009"
"883",898,"VLF013"
"884",899,"VLF014"
"885",900,"VLF015"
"886",901,"VLF017"
"887",902,"VLF019"
"888",903,"VLF021"
"889",904,"VLF022"
"890",905,"VLF024"
"891",906,"VLF026"
"892",907,"VLF027"
"893",908,"VLF030"
"894",909,"VLF033"
"895",910,"VLF035"
"896",911,"VLF036"
"897",912,"VLF040"
"898",913,"VLF041"
"899",914,"VLF043"
"900",915,"VLF045"
"901",916,"VLF046"
"902",917,"VLF047"
"903",918,"VLF048"
"904",919,"VLF049"
"905",920,"VLF053"
"906",921,"VLF055"
"907",922,"VLF056"
"908",923,"VLF057"
"909",924,"VLF060"
"910",925,"VLF061"
"911",926,"VLF064"
"912",927,"VLF067"
"913",928,"VLF068"
"914",929,"VLF069"
"915",930,"VLF071"
"916",931,"VLF074"
"917",932,"VLF078"
"918",933,"VLF083"
"919",934,"VLF087"
"920",935,"VLF089"
"921",936,"VLF092"
"922",937,"VLF094"
"923",938,"VLF095"
"924",939,"VLF096"
"925",940,"VLF097"
"926",941,"VLF100"
"927",942,"VLF101"
"928",943,"VLF102"
"929",944,"VLF103"
"930",945,"VLF107"
"931",946,"VLF108"
"932",947,"VLF110"
"933",948,"VLF111"
"934",949,"VLF118"
"935",950,"VLF120"
"936",951,"VLF121"
"937",952,"VLF123"
"938",953,"VLF128"
"939",956,"VLM001"
"940",957,"VLM002"
"941",958,"VLM003"
"942",959,"VLM006"
"943",960,"VLM007"
"944",961,"VLM010"
"945",962,"VLM011"
"946",963,"VLM016"
"947",964,"VLM018"
"948",965,"VLM020"
"949",966,"VLM023"
"950",967,"VLM029"
"951",968,"VLM034"
"952",969,"VLM037"
"953",970,"VLM038"
"954",971,"VLM039"
"955",972,"VLM042"
"956",973,"VLM044"
"957",974,"VLM050"
"958",975,"VLM051"
"959",976,"VLM052"
"960",977,"VLM054"
"961",978,"VLM058"
"962",979,"VLM059"
"963",980,"VLM062"
"964",981,"VLM070"
"965",982,"VLM072"
"966",983,"VLM073"
"967",984,"VLM075"
"968",985,"VLM076"
"969",986,"VLM077"
"970",987,"VLM080"
"971",988,"VLM081"
"972",989,"VLM085"
"973",990,"VLM086"
"974",991,"VLM088"
"975",992,"VLM090"
"976",993,"VLM091"
"977",994,"VLM093"
"978",995,"VLM098"
"979",996,"VLM099"
"980",997,"VLM104"
"981",998,"VLM105"
"982",999,"VLM106"
"983",1000,"VLM109"
"984",1001,"VLM114"
"985",1002,"VLM115"
"986",1003,"VLM116"
"987",1004,"VLM117"
"988",1005,"VLM119"
"989",1006,"VLM122"
"990",1007,"VLM124"
"991",1008,"VLM125"
"992",1009,"VLM126"
"993",1010,"VLM127"
"994",1013,"VLU001"
"995",1014,"VLU005"
"996",1015,"VLF012"
"997",1016,"VLF025"
"998",1017,"VLU028"
"999",1018,"VLU031"
"1000",1019,"VLU032"
"1001",1020,"VLU063"
"1002",1021,"VLU065"
"1003",1022,"VLU066"
"1004",1023,"VLU079"
"1005",1024,"VLU082"
"1006",1025,"VLU084"
"1007",1026,"VLU112"
"1008",1027,"VLU113"
"1009",1029,"VLU129"
"1010",1030,"VLU130"
"1011",1031,"VLU901"
"1012",1032,"VLU902"
"1013",1034,"VMMF002"
"1014",1035,"VMMF003"
"1015",1036,"VMMF004"
"1016",1037,"VMMF006"
"1017",1038,"VMMF008"
"1018",1039,"VMMF010"
"1019",1040,"VMMF014"
"1020",1041,"VMMF016"
"1021",1042,"VMMF017"
"1022",1043,"VMMF020"
"1023",1044,"VMMF023"
"1024",1045,"VMMF024"
"1025",1046,"VMMF027"
"1026",1047,"VMMF033"
"1027",1049,"VMMM001"
"1028",1050,"VMMM005"
"1029",1051,"VMMM007"
"1030",1052,"VMMM009"
"1031",1053,"VMMM011"
"1032",1054,"VMMM012"
"1033",1055,"VMMM013"
"1034",1056,"VMMM015"
"1035",1057,"VMMM018"
"1036",1058,"VMMM019"
"1037",1059,"VMMM021"
"1038",1060,"VMMM022"
"1039",1061,"VMMM025"
"1040",1062,"VMMM026"
"1041",1063,"VMMM028"
"1042",1064,"VMMM029"
"1043",1065,"VMMM030"
"1044",1066,"VMMM031"
"1045",1067,"VMMM032"
"1046",1068,"VMMM034"
"1047",1069,"VMMM035"
"1048",1070,"VMMM036"
"1049",1071,"VMMM037"
"1050",1072,"VMMM038"
"1051",1073,"VMMM039"
"1052",1074,"VMMM040"
"1053",1075,"VMMM041"
"1054",1080,"VNNF001"
"1055",1081,"VNNM002"
"1056",1082,"VNNM003"
"1057",1083,"VNNM004"
"1058",1084,"VNNM005"
"1059",1085,"VNOF001"
"1060",1086,"VNOF003"
"1061",1087,"VNOF004"
"1062",1088,"VNOF008"
"1063",1089,"VNOF009"
"1064",1091,"VNOF018"
"1065",1094,"VNOM002"
"1066",1095,"VNOM005"
"1067",1096,"VNOM006"
"1068",1097,"VNOM007"
"1069",1098,"VNOM010"
"1070",1099,"VNOM011"
"1071",1100,"VNOM015"
"1072",1101,"VNOM016"
"1073",1102,"VNOM017"
"1074",1103,"VNOU012"
"1075",1104,"VNOU013"
"1076",1105,"VNOU014"
"1077",1106,"174_175"
"1078",1107,"171"
"1079",1108,"VPF003"
"1080",1109,"VPF004"
"1081",1110,"VPF005"
"1082",1111,"R.PB/PB"
"1083",1112,"VPF007"
"1084",1113,"VPF008"
"1085",1114,"VPF009"
"1086",1115,"VPF010"
"1087",1116,"VPF011"
"1088",1117,"VPF012"
"1089",1118,"VPF013"
"1090",1119,"VPF017"
"1091",1120,"VPF029"
"1092",1121,"VPF030"
"1093",1122,"173"
"1094",1123,"VPM002"
"1095",1124,"161"
"1096",1125,"VPM004"
"1097",1126,"VPM005"
"1098",1127,"VPM006"
"1099",1128,"VPM007"
"1100",1129,"VPM008"
"1101",1130,"VPM009"
"1102",1131,"VPM010"
"1103",1132,"VPM011"
"1104",1133,"VPM012"
"1105",1134,"VPM013"
"1106",1135,"VPM014"
"1107",1136,"VPM015"
"1108",1137,"VPM016"
"1109",1138,"VPM027"
"1110",1139,"VPM028"
"1111",1140,"VPM031"
"1112",1143,"VPU020"
"1113",1144,"VPU021"
"1114",1147,"VPU024"
"1115",1148,"VPU025"
"1116",1149,"VPU026"
"1117",1150,"VPU032"
"1118",1151,"VPU033"
"1119",1152,"VPU034"
"1120",1153,"VPU035"
"1121",1154,"VPU901"
"1122",1155,"VPU902"
"1123",1156,"VPU903"
"1124",1157,"VPU904"
"1125",1158,"VPU905"
"1126",1159,"VPU906"
"1127",1160,"VRRF007"
"1128",1161,"VRRF009"
"1129",1162,"VRRF010"
"1130",1163,"VRRF014"
"1131",1164,"VRRF017"
"1132",1165,"VRRF023"
"1133",1166,"VRRF024"
"1134",1167,"VRRF026"
"1135",1168,"VRRF027"
"1136",1169,"VRRF029"
"1137",1170,"VRRF031"
"1138",1171,"VRRF034"
"1139",1172,"VRRF036"
"1140",1173,"VRRF038"
"1141",1174,"VRRF040"
"1142",1175,"VRRF042"
"1143",1176,"VRRF043"
"1144",1177,"VRRF051"
"1145",1178,"VRRF057"
"1146",1179,"VRRF059"
"1147",1180,"VRRF062"
"1148",1181,"VRRF063"
"1149",1182,"VRRF065"
"1150",1183,"VRRF066"
"1151",1184,"VRRF076"
"1152",1185,"VRRF079"
"1153",1186,"VRRF082"
"1154",1187,"VRRF084"
"1155",1188,"VRRF086"
"1156",1189,"VRRF087"
"1157",1191,"VRRF094"
"1158",1192,"VRRF095"
"1159",1193,"VRRF102"
"1160",1194,"VRRF103"
"1161",1195,"VRRF104"
"1162",1197,"VRRM001"
"1163",1198,"VRRM002"
"1164",1199,"VRRM003"
"1165",1200,"VRRM004"
"1166",1201,"VRRM005"
"1167",1202,"VRRM008"
"1168",1203,"VRRM011"
"1169",1204,"VRRM012"
"1170",1205,"VRRM013"
"1171",1206,"VRRM018"
"1172",1207,"VRRM019"
"1173",1208,"VRRM021"
"1174",1209,"VRRM022"
"1175",1210,"VRRM025"
"1176",1211,"VRRM028"
"1177",1212,"VRRM030"
"1178",1213,"VRRM032"
"1179",1214,"VRRM033"
"1180",1215,"VRRM035"
"1181",1216,"VRRM037"
"1182",1217,"VRRM039"
"1183",1218,"VRRM041"
"1184",1219,"VRRM044"
"1185",1220,"VRRM045"
"1186",1221,"VRRM046"
"1187",1222,"VRRM047"
"1188",1223,"VRRM048"
"1189",1224,"VRRM049"
"1190",1225,"VRRM050"
"1191",1226,"VRRM052"
"1192",1227,"VRRM053"
"1193",1228,"VRRM054"
"1194",1229,"VRRM055"
"1195",1230,"VRRM056"
"1196",1231,"VRRM058"
"1197",1232,"VRRM060"
"1198",1233,"VRRM061"
"1199",1234,"VRRM064"
"1200",1235,"VRRM067"
"1201",1236,"VRRM068"
"1202",1237,"VRRM077"
"1203",1238,"VRRM078"
"1204",1239,"VRRM080"
"1205",1240,"VRRM081"
"1206",1241,"VRRM083"
"1207",1242,"VRRM085"
"1208",1243,"VRRM088"
"1209",1244,"VRRM089"
"1210",1245,"VRRM090"
"1211",1246,"VRRM091"
"1212",1247,"VRRM092"
"1213",1248,"VRRM093"
"1214",1249,"VRRM096"
"1215",1250,"VRRM097"
"1216",1251,"VRRM098"
"1217",1252,"VRRM099"
"1218",1253,"VRRM100"
"1219",1254,"VRRM101"
"1220",1255,"VRRU006"
"1221",1256,"VRRU015"
"1222",1257,"VRRU016"
"1223",1258,"VRRU020"
"1224",1259,"VRRU069"
"1225",1260,"VRRU070"
"1226",1261,"VRRU071"
"1227",1262,"VRRU072"
"1228",1263,"VRRU073"
"1229",1264,"VRRU074"
"1230",1265,"VRRU075"
"1231",1266,"VRRU105"
"1232",1267,"VSTU001"
"1233",1268,"VSTU002"
"1234",1269,"VSTU003"
"1235",1270,"VSTU004"
"1236",1271,"155_b"
"1237",1272,"157_158_b"
"1238",1273,"152_b"
"1239",1274,"VTTM001"
"1240",1275,"VTTM002"
"1241",1276,"VTTM003"
"1242",1277,"VTTU004"
"1243",1278,"VTTU005"
"1244",1279,"VUUF005"
"1245",1280,"VUUF006"
"1246",1281,"VUUF010"
"1247",1282,"VUUF012"
"1248",1283,"VUUF014"
"1249",1284,"VUUF015"
"1250",1285,"VUUF016"
"1251",1286,"VUUF019"
"1252",1287,"VUUF029"
"1253",1288,"VUUF030"
"1254",1289,"VUUM002"
"1255",1290,"VUUM007"
"1256",1291,"VUUM008"
"1257",1292,"VUUM009"
"1258",1293,"VUUM011"
"1259",1294,"VUUM013"
"1260",1295,"VUUM017"
"1261",1296,"VUUM018"
"1262",1297,"VUUM020"
"1263",1298,"VUUM021"
"1264",1299,"VUUM022"
"1265",1300,"VUUM023"
"1266",1301,"VUUM024"
"1267",1302,"VUUM025"
"1268",1303,"VUUM026"
"1269",1304,"VUUM027"
"1270",1305,"VUUM028"
"1271",1306,"VUUM031"
"1272",1307,"VUUM032"
"1273",1308,"VUUP001"
"1274",1309,"VUUU003"
"1275",1310,"VUUU004"
"1276",1311,"VV96U1P1"
"1277",1312,"VV96U1P2"
"1278",1314,"24_15"
"1279",1315,"VVF002"
"1280",1316,"VVF003"
"1281",1317,"VVF004"
"1282",1318,"VVF005"
"1283",1319,"VVF006"
"1284",1320,"VVF007"
"1285",1321,"VVF009"
"1286",1322,"VVF014"
"1287",1323,"VVF022"
"1288",1324,"VVF029"
"1289",1325,"VVF031"
"1290",1326,"VVF040"
"1291",1327,"VVF044"
"1292",1328,"VVF050"
"1293",1329,"VVF051"
"1294",1330,"VVF053"
"1295",1331,"VVF055"
"1296",1332,"VVF056"
"1297",1333,"VVF057"
"1298",1334,"VVF059"
"1299",1335,"VVF060"
"1300",1336,"VVF061"
"1301",1337,"VVF062"
"1302",1338,"VVF066"
"1303",1339,"VVF067"
"1304",1340,"VVF069"
"1305",1341,"VVF075"
"1306",1342,"VVF077"
"1307",1343,"VVF078"
"1308",1344,"VVF081"
"1309",1345,"VVF082"
"1310",1346,"VVF083"
"1311",1347,"VVF084"
"1312",1348,"VVF085"
"1313",1349,"VVF090"
"1314",1350,"VVF091"
"1315",1351,"VVF094"
"1316",1352,"VVF095"
"1317",1353,"VVF098"
"1318",1354,"VVF100"
"1319",1355,"VVF103"
"1320",1356,"VVF104"
"1321",1357,"VVF105"
"1322",1358,"VVF107"
"1323",1360,"VVF110"
"1324",1361,"VVF114"
"1325",1363,"VVF118"
"1326",1364,"VVF121"
"1327",1365,"VVF123"
"1328",1366,"VVF124"
"1329",1367,"VVF125"
"1330",1368,"VVF127"
"1331",1369,"VVF129"
"1332",1370,"VVF130"
"1333",1371,"VVF131"
"1334",1372,"VVF132"
"1335",1373,"VVF134"
"1336",1374,"VVF137"
"1337",1375,"VVM001"
"1338",1376,"VVM002"
"1339",1377,"VVM010"
"1340",1378,"VVM011"
"1341",1379,"VVM012"
"1342",1380,"VVM013"
"1343",1381,"VVM015"
"1344",1382,"VVM016"
"1345",1383,"VVM018"
"1346",1384,"VVM020"
"1347",1385,"VVM021"
"1348",1386,"VVM023"
"1349",1387,"VVM024"
"1350",1388,"VVM026"
"1351",1389,"VVM027"
"1352",1390,"VVM030"
"1353",1391,"VVM032"
"1354",1392,"VVM033"
"1355",1393,"VVM035"
"1356",1394,"VVM036"
"1357",1395,"VVM037"
"1358",1396,"VVM038"
"1359",1397,"VVM039"
"1360",1398,"VVM041"
"1361",1399,"VVM042"
"1362",1400,"VVM043"
"1363",1401,"VVM045"
"1364",1402,"VVM046"
"1365",1403,"VVM049"
"1366",1404,"VVM052"
"1367",1405,"VVM054"
"1368",1406,"VVM058"
"1369",1409,"VVM063"
"1370",1410,"VVM064"
"1371",1411,"VVM068"
"1372",1412,"VVM070"
"1373",1413,"VVM071"
"1374",1414,"VVM072"
"1375",1415,"VVM073"
"1376",1416,"VVM074"
"1377",1417,"VVM076"
"1378",1418,"VVM079"
"1379",1419,"VVM080"
"1380",1420,"VVM089"
"1381",1422,"VVM092"
"1382",1423,"VVM093"
"1383",1424,"VVM096"
"1384",1425,"VVM097"
"1385",1427,"VVM099"
"1386",1428,"VVM102"
"1387",1429,"VVM108"
"1388",1430,"VVM109"
"1389",1431,"VVM111"
"1390",1432,"VVM112"
"1391",1433,"VVM113"
"1392",1434,"VVM115"
"1393",1435,"VVM116"
"1394",1436,"VVM117"
"1395",1437,"VVM119"
"1396",1438,"VVM120"
"1397",1439,"VVM122"
"1398",1440,"VVM126"
"1399",1441,"VVM128"
"1400",1442,"VVM133"
"1401",1443,"VVM135"
"1402",1444,"VVM140"
"1403",1445,"VVM141"
"1404",1446,"VVM142"
"1405",1447,"VVM143"
"1406",1448,"VVM144"
"1407",1450,"VVU008"
"1408",1451,"VVU017"
"1409",1452,"VVU019"
"1410",1453,"VVM025"
"1411",1454,"VVU028"
"1412",1455,"VVU034"
"1413",1456,"VVU047"
"1414",1457,"VVU048"
"1415",1458,"VVU065"
"1416",1459,"VVU086"
"1417",1460,"VVU087"
"1418",1461,"VVU088"
"1419",1462,"VVU101"
"1420",1463,"VVU106"
"1421",1464,"VVU136"
"1422",1465,"VVU138"
"1423",1466,"VVU139"
"1424",1467,"VVU901"
"1425",1468,"VWF002"
"1426",1469,"VWF004"
"1427",1470,"VWF005"
"1428",1471,"VWF009"
"1429",1472,"VWF010"
"1430",1473,"VWF011"
"1431",1474,"VWF012"
"1432",1475,"VWF013"
"1433",1476,"VWF016"
"1434",1477,"VWF017"
"1435",1478,"VWF019"
"1436",1479,"VWF023"
"1437",1480,"VWF026"
"1438",1481,"VWF029"
"1439",1482,"VWF031"
"1440",1483,"VWF034"
"1441",1484,"VWF036"
"1442",1485,"VWF039"
"1443",1486,"VWF040"
"1444",1487,"VWF041"
"1445",1488,"VWF042"
"1446",1489,"VWF043"
"1447",1490,"VWF049"
"1448",1491,"VWF051"
"1449",1492,"VWF053"
"1450",1493,"VWF058"
"1451",1494,"VWF059"
"1452",1495,"VWF060"
"1453",1496,"VWF062"
"1454",1497,"VWF063"
"1455",1498,"VWF064"
"1456",1499,"VWF066"
"1457",1500,"VWF068"
"1458",1501,"VWF072"
"1459",1502,"VWF075"
"1460",1503,"VWF076"
"1461",1504,"VWF077"
"1462",1505,"VWF083"
"1463",1506,"VWF086"
"1464",1507,"VWF089"
"1465",1508,"VWF090"
"1466",1509,"VWF091"
"1467",1510,"VWF093"
"1468",1511,"VWF095"
"1469",1512,"VWF097"
"1470",1513,"VWF099"
"1471",1514,"VWF103"
"1472",1515,"VWF104"
"1473",1516,"VWF106"
"1474",1517,"VWF107"
"1475",1518,"VWF110"
"1476",1519,"VWF115"
"1477",1520,"VWF117"
"1478",1521,"VWF118"
"1479",1522,"VWF119"
"1480",1523,"VWM001"
"1481",1524,"VWM003"
"1482",1525,"VWM007"
"1483",1526,"VWM008"
"1484",1527,"VWM014"
"1485",1528,"VWM015"
"1486",1529,"VWM018"
"1487",1530,"VWM020"
"1488",1531,"VWM021"
"1489",1532,"VWM022"
"1490",1533,"VWM024"
"1491",1534,"VWM025"
"1492",1535,"VWM028"
"1493",1536,"VWM030"
"1494",1537,"VWM035"
"1495",1538,"VWM038"
"1496",1539,"VWM044"
"1497",1540,"VWM046"
"1498",1541,"VWM050"
"1499",1542,"VWM052"
"1500",1543,"VWM054"
"1501",1544,"VWM055"
"1502",1545,"VWM056"
"1503",1546,"VWM057"
"1504",1547,"VWM061"
"1505",1548,"VWM065"
"1506",1549,"VWM067"
"1507",1550,"VWM069"
"1508",1551,"VWM070"
"1509",1552,"VWM071"
"1510",1553,"VWM073"
"1511",1554,"VWM074"
"1512",1555,"VWM078"
"1513",1556,"VWM079"
"1514",1557,"VWM080"
"1515",1558,"VWM081"
"1516",1559,"VWM084"
"1517",1560,"VWM085"
"1518",1561,"VWM094"
"1519",1562,"VWM096"
"1520",1563,"VWM098"
"1521",1564,"VWM100"
"1522",1565,"VWM101"
"1523",1566,"VWM102"
"1524",1567,"VWM105"
"1525",1568,"VWM108"
"1526",1569,"VWM109"
"1527",1570,"VWM111"
"1528",1571,"VWM112"
"1529",1572,"VWM113"
"1530",1573,"VWM116"
"1531",1574,"VWM120"
"1532",1575,"VWM121"
"1533",1576,"VWM122"
"1534",1577,"VWU006"
"1535",1578,"VWU027"
"1536",1579,"VWU032"
"1537",1580,"VWF033"
"1538",1581,"VWU037"
"1539",1582,"VWU045"
"1540",1583,"VWU047"
"1541",1584,"VWU048"
"1542",1585,"VWU082"
"1543",1586,"VWU087"
"1544",1587,"VWU088"
"1545",1588,"VWU092"
"1546",1592,"VWU114"
"1547",1593,"VXF006"
"1548",1595,"VKF001"
"1549",1596,"83"
"1550",1597,"151"
"1551",1598,"155_a"
"1552",1599,"157_158_a"
"1553",1600,"159"
"1554",1601,"172"
"1555",1602,"152_a"
"1556",1603,"VCM002"
"1557",1604,"153_a"
"1558",1605,"154"
"1559",1606,"156"
"1560",1607,"VJF003"
"1561",1608,"VJF004"
"1562",1609,"VJM004"
"1563",1610,"VMF001"
"1564",1611,"VMF002"
"1565",1612,"VMF003"
"1566",1613,"VMF004"
"1567",1614,"VMF005"
"1568",1615,"VMF009"
"1569",1616,"VMF011"
"1570",1617,"VMM001"
"1571",1618,"VMM003"
"1572",1619,"VMM004"
"1573",1620,"VMM006"
"1574",1621,"VMM007"
"1575",1622,"VMM008"
"1576",1623,"VMM010"
"1577",1624,"VMM012"
"1578",1625,"VMUP01"
"1579",1626,"VNF002"
"1580",1627,"VNM002"
"1581",1628,"VNM003"
"1582",1629,"VRF002"
"1583",1630,"VRM001"
"1584",1631,"VRM002"
"1585",1632,"VSF002"
"1586",1633,"VSF003"
"1587",1634,"VSM001"
"1588",1635,"VSM002"
"1589",1636,"VSM005"
"1590",1637,"VSM008"
"1591",1638,"VSM010"
"1592",1639,"153_b"
"1593",1640,"VUF002"
"1594",1641,"VZF002"
"1595",1642,"R.Y/Y_b"
"1596",1643,"VZF004"
"1597",1644,"R.G/W"
"1598",1645,"R.B/W"
"1599",1646,"R.G/R"
"1600",1647,"R.B/R"
"1601",1648,"197"
"1602",1649,"VZM010"
"1603",1650,"L.W/R"
"1604",1651,"73_R.R/G"
"1605",1652,"L.Y/R_b"
"1606",1653,"L.R/LB"
"1607",1654,"L.G/LB"
"1608",1655,"VZPUP1"
"1609",1656,"VZPUP2"
"1610",1657,"VZPUP3"
"1611",1658,"VZPUP4"
"1612",1659,"VZPUP5"
"1613",1660,"VZU003"
"1614",1661,"VZU004"
"1615",1662,"U00007"
"1616",1663,"UNKP01"
"1617",1664,"UNKP02"
"1618",1665,"UNKP03"
"1619",1666,"VZM003"
"1620",1667,"VZF009"
"1621",1668,"VZF013"
"1622",1669,"VZF014"
"1623",1670,"VZM005"
"1624",1671,"VZM012"
"1625",1672,"VWF124"
"1626",1673,"VWM123"
"1627",1674,"VCDP035"
"1628",1675,"VCDF036"
"1629",1676,"VCDM037"
"1630",1677,"VCDF038"
"1631",1678,"VZZM061"
"1632",1679,"VZZF062"
"1633",1680,"VFF137"
"1634",1681,"VFF138"
"1635",1682,"VFF139"
"1636",1683,"VDF120"
"1637",1684,"VDF121"
"1638",1685,"VDF122"
"1639",1686,"VDM123"
"1640",1687,"VNTF001"
"1641",1688,"VAZM001"
"1642",1689,"VAZF002"
"1643",1690,"VAZF003"
"1644",1691,"VAZM004"
"1645",1692,"VLM131"
"1646",1693,"VLM132"
"1647",1694,"VLF133"
"1648",1695,"VLF134"
"1649",1696,"VEM126"
"1650",1697,"VEM127"
"1651",1698,"VEF128"
"1652",1699,"VEM129"
"1653",1700,"VEP130"
"1654",1701,"VMMF046"
"1655",1702,"VMMM049"
"1656",1703,"VWM125"
"1657",1704,"VWM126"
"1658",1705,"VWF127"
"1659",1706,"VWM128"
"1660",1707,"VCDM039"
"1661",1708,"VCDF040"
"1662",1709,"VCDF041"
"1663",1710,"VCDF042"
"1664",1711,"VFM140"
"1665",1712,"VFF141"
"1666",1713,"VFM142"
"1667",1714,"VFM143"
"1668",1715,"VDF124"
"1669",1716,"VDM125"
"1670",1717,"VDF126"
"1671",1718,"VZZF064"
"1672",1719,"VZZM065"
"1673",1720,"VZZF066"
"1674",1721,"VZZM067"
"1675",1722,"VBBM010"
"1676",1723,"VBBM011"
"1677",1724,"VBBF012"
"1678",1725,"VEM131"
"1679",1726,"VEF132"
"1680",1727,"VEF133"
"1681",1728,"VBBF014"
"1682",1729,"VBBF015"
"1683",1730,"VBBM013"
"1684",1731,"VVHM001"
"1685",1732,"VBBF009"
"1686",1733,"VKUM008"
"1687",1734,"VKUM006"
"1688",1735,"VKUF005"
"1689",1736,"VKUM004"
"1690",1737,"VJXM005"
"1691",1739,"VJXM006"
"1692",1741,"VJXP007"
"1693",1743,"VJXF008"
"1694",1745,"VCDF044"
"1695",1746,"VCDF048"
"1696",1747,"VCDF045"
"1697",1748,"VCDM046"
"1698",1749,"VCDM047"
"1699",1750,"VMMP050"
"1700",1751,"VMMP051"
"1701",1752,"VMMP052"
"1702",1753,"VFF144"
"1703",1754,"VFM145"
"1704",1755,"VFM146"
"1705",1756,"VFF147"
"1706",1757,"VAZM005"
"1707",1758,"VAZM006"
"1708",1759,"VAZF007"
"1709",1760,"VAZM008"
"1710",1761,"VKUF009"
"1711",1762,"VKUF010"
"1712",1763,"VKUF011"
"1713",1764,"VKUF012"
"1714",1765,"VLM141"
"1715",1766,"VLF142"
"1716",1767,"VLF143"
"1717",1768,"VLF144"
"1718",1769,"VDF127"
"1719",1770,"VDP128"
"1720",1771,"VDM129"
"1721",1772,"VDF130"
"1722",1773,"VDF131"
"1723",1774,"VEF135"
"1724",1775,"VEM136"
"1725",1776,"VEP137"
"1726",1777,"VEF138"
"1727",1778,"VMMM042"
"1728",1779,"VMMM045"
"1729",1780,"VWF130"
"1730",1781,"VWM131"
"1731",1782,"VWM132"
"1732",1783,"VWF133"
"1733",1784,"VWM134"
"1734",1785,"VWF135"
"1735",1786,"VCDF049"
"1736",1787,"VCDM050"
"1737",1788,"VCDM051"
"1738",1789,"VCDM052"
"1739",1790,"VJXM009"
"1740",1791,"VJXM010"
"1741",1792,"VJXF011"
"1742",1793,"VJXM012"
"1743",1794,"VJXM013"
"1744",1795,"VKUF013"
"1745",1796,"VKUM014"
"1746",1797,"VKUF015"
"1747",1798,"VKUM016"
"1748",1799,"VKUF017"
"1749",1800,"VKUM018"
"1750",1801,"VKUF019"
"1751",1802,"VFF149"
"1752",1803,"VFF150"
"1753",1804,"VFF151"
"1754",1805,"VFF152"
"1755",1806,"VVHF015"
"1756",1807,"VVHM016"
"1757",1808,"VVHM017"
"1758",1809,"VAZF009"
"1759",1810,"VLF145"
"1760",1811,"VLM146"
"1761",1812,"VLM147"
"1762",1813,"VLM148"
"1763",1814,"VLM149"
"1764",1815,"VEM139"
"1765",1816,"VEM140"
"1766",1817,"VEM141"
"1767",1818,"VMMM053"
"1768",1819,"VMMM054"
"1769",1820,"VMMF055"
"1770",1821,"VMMM056"
"1771",1822,"VMMM057"
"1772",1823,"VTYM014"
"1773",1824,"VTYP015"
"1774",1825,"VTYP016"
"1775",1826,"VTYP017"
"1776",1827,"VTYP018"
"1777",1828,"VDM132"
"1778",1829,"VDF133"
"1779",1830,"VDM134"
"1780",1831,"VWM136"
"1781",1832,"VWM137"
"1782",1833,"VWM138"
"1783",1834,"VWM139"
"1784",1835,"VJXM014"
"1785",1836,"VJXM015"
"1786",1837,"VJXM016"
"1787",1838,"VJXF017"
"1788",1839,"VFF153"
"1789",1840,"VFM154"
"1790",1841,"VFF155"
"1791",1842,"VFF156"
"1792",1843,"VFF157"
"1793",1844,"VLF150"
"1794",1845,"VLM151"
"1795",1846,"VLF152"
"1796",1847,"VLM153"
"1797",1848,"VEM142"
"1798",1849,"VEM143"
"1799",1850,"VEM144"
"1800",1851,"VVHM018"
"1801",1852,"VVHM019"
"1802",1853,"VTYF019"
"1803",1854,"VTYF020"
"1804",1855,"VTYM021"
"1805",1856,"VMMF048"
"1806",1857,"VBBM025"
"1807",1858,"VBBF027"
"1808",1859,"VBBF024"
"1809",1860,"VBBF026"
"1810",1861,"VBBP028"
"1811",1862,"VBBP029"
"1812",1863,"VBBP030"
"1813",1864,"VBBP031"
"1814",1865,"VBBP032"
"1815",1866,"VMMM043"
"1816",1867,"VKUM001"
"1817",1868,"VRRM106"
"1818",1869,"VRRM107"
"1819",1870,"VBBM001"
"1820",1871,"VAZM014"
"1821",1872,"VAZF015"
"1822",1873,"VAZF016"
"1823",1874,"VAZM017"
"1824",1875,"VAZF018"
"1825",1876,"VAZM019"
"1826",1877,"VAZF020"
"1827",1878,"VAZM021"
"1828",1879,"VAZM022"
"1829",1880,"VAZM023"
"1830",1881,"VAZM024"
"1831",1882,"VAZM025"
"1832",1883,"VAZM026"
"1833",1884,"VAZF027"
"1834",1888,"VBBM004"
"1835",1889,"VBBF005"
"1836",1890,"VBBM006"
"1837",1891,"VBBF007"
"1838",1892,"VBBF008"
"1839",1893,"VBBF018"
"1840",1894,"VBBM019"
"1841",1895,"VBBF020"
"1842",1896,"VBBF021"
"1843",1897,"VBBM022"
"1844",1898,"VBBM023"
"1845",1899,"VBBF035"
"1846",1900,"VBBP038"
"1847",1901,"VBBF039"
"1848",1902,"VBBF040"
"1849",1903,"VBBM041"
"1850",1904,"VBBM042"
"1851",1905,"VBBF043"
"1852",1906,"VBBM044"
"1853",1907,"VBBF045"
"1854",1908,"VBBF046"
"1855",1909,"VBBM048"
"1856",1910,"VBBP049"
"1857",1911,"VBBM050"
"1858",1912,"VBBM051"
"1859",1913,"VBBM052"
"1860",1914,"VBBF053"
"1861",1915,"VBBP058"
"1862",1916,"VBBM059"
"1863",1917,"VBBF060"
"1864",1918,"VBBF061"
"1865",1920,"VCDM043"
"1866",1923,"VDF135"
"1867",1924,"VDM136"
"1868",1925,"VDM137"
"1869",1926,"VDM138"
"1870",1927,"VDF139"
"1871",1928,"VDF140"
"1872",1929,"VDM141"
"1873",1930,"VDF142"
"1874",1931,"VDM143"
"1875",1932,"VDF144"
"1876",1933,"VDM145"
"1877",1934,"VDF146"
"1878",1935,"VDF147"
"1879",1936,"VDM148"
"1880",1937,"VDF149"
"1881",1939,"VEM145"
"1882",1942,"VFF158"
"1883",1943,"VFM159"
"1884",1944,"VFF160"
"1885",1945,"VFM161"
"1886",1946,"VFM162"
"1887",1947,"VFM163"
"1888",1948,"VFM164"
"1889",1949,"VFF165"
"1890",1950,"VFM166"
"1891",1951,"VFM167"
"1892",1952,"VFM168"
"1893",1953,"VFF169"
"1894",1954,"VFF170"
"1895",1955,"VFF171"
"1896",1956,"VFF172"
"1897",1957,"VFM173"
"1898",1958,"VFP174"
"1899",1960,"VHPP006"
"1900",1961,"VJXM001"
"1901",1962,"VJXF002"
"1902",1964,"VJXF018"
"1903",1965,"VJXF019"
"1904",1966,"VJXM020"
"1905",1967,"VJXM021"
"1906",1968,"VJXF022"
"1907",1969,"VJXM023"
"1908",1970,"VJXF024"
"1909",1971,"VJXM025"
"1910",1972,"VJXF026"
"1911",1973,"VJXM027"
"1912",1974,"VJXM028"
"1913",1975,"VJXM029"
"1914",1976,"VJXM030"
"1915",1977,"VJXF031"
"1916",1978,"VKUF003"
"1917",1979,"VKUF020"
"1918",1980,"VKUM021"
"1919",1981,"VKUF022"
"1920",1982,"VKUM023"
"1921",1983,"VKUM024"
"1922",1984,"VKUF025"
"1923",1985,"VKUM026"
"1924",1986,"VKUM027"
"1925",1987,"VKUF028"
"1926",1988,"VKUM029"
"1927",1989,"VKUF030"
"1928",1990,"VKUM031"
"1929",1991,"VKUF032"
"1930",1992,"VKUF034"
"1931",1993,"VKUM035"
"1932",1994,"VKUM036"
"1933",1995,"VKUM037"
"1934",1996,"VKUF038"
"1935",1997,"VKUF039"
"1936",1998,"VLM154"
"1937",1999,"VLM155"
"1938",2000,"VLM156"
"1939",2001,"VLM157"
"1940",2002,"VLF158"
"1941",2003,"VLF159"
"1942",2004,"VLF160"
"1943",2005,"VLF161"
"1944",2006,"VLF162"
"1945",2007,"VLF163"
"1946",2008,"VLF164"
"1947",2009,"VLF165"
"1948",2010,"VLM166"
"1949",2011,"VLF167"
"1950",2012,"VLM168"
"1951",2013,"VLM169"
"1952",2014,"VLP170"
"1953",2015,"VLM171"
"1954",2016,"VLM172"
"1955",2017,"VLP173"
"1956",2018,"VLP174"
"1957",2019,"VMMM047"
"1958",2020,"VMMM058"
"1959",2021,"VMMF059"
"1960",2022,"VMMF060"
"1961",2023,"VMMM061"
"1962",2024,"VMMM062"
"1963",2025,"VMMM063"
"1964",2026,"VMMF064"
"1965",2027,"VMMF065"
"1966",2028,"VMMF066"
"1967",2029,"VMMF067"
"1968",2030,"VMMF068"
"1969",2031,"VMMF069"
"1970",2032,"VMMM070"
"1971",2033,"VMMM071"
"1972",2034,"VMMF072"
"1973",2040,"VNEM022"
"1974",2041,"VNEF023"
"1975",2042,"VNEF024"
"1976",2043,"VNEF025"
"1977",2044,"VNEF026"
"1978",2047,"VRRP111"
"1979",2048,"VRRP112"
"1980",2049,"VRRM113"
"1981",2050,"VRRP114"
"1982",2051,"VRRP115"
"1983",2052,"VRRF116"
"1984",2053,"VRRP117"
"1985",2054,"VRRF118"
"1986",2055,"VRRP119"
"1987",2056,"VRRM120"
"1988",2059,"VRRM123"
"1989",2060,"VRRF124"
"1990",2061,"VRRM125"
"1991",2062,"VRRF126"
"1992",2063,"VRRM127"
"1993",2064,"VRRF128"
"1994",2065,"VRRF129"
"1995",2066,"VRRM130"
"1996",2067,"VRRM131"
"1997",2068,"VRRM132"
"1998",2069,"VRRF133"
"1999",2070,"VRRF134"
"2000",2071,"VRRF135"
"2001",2076,"VSQF005"
"2002",2077,"VSQM007"
"2003",2078,"VSQM008"
"2004",2079,"VSQF009"
"2005",2080,"VSQM010"
"2006",2081,"VSQF011"
"2007",2082,"VSQF012"
"2008",2083,"VSQM013"
"2009",2084,"VSQM014"
"2010",2085,"VSQM015"
"2011",2086,"VSQP016"
"2012",2087,"VSQF017"
"2013",2088,"VSQM018"
"2014",2089,"VSQF019"
"2015",2090,"VSQF020"
"2016",2091,"VSQP021"
"2017",2092,"VSQM022"
"2018",2093,"VSQM023"
"2019",2094,"VSQP024"
"2020",2095,"VSQM025"
"2021",2096,"VSQM026"
"2022",2097,"VSQM027"
"2023",2101,"VTYF004"
"2024",2102,"VTYF005"
"2025",2103,"VTYF006"
"2026",2104,"VTYF008"
"2027",2105,"VTYM009"
"2028",2106,"VTYM010"
"2029",2107,"VTYM011"
"2030",2108,"VTYF022"
"2031",2109,"VTYM023"
"2032",2110,"VTYF024"
"2033",2111,"VTYM025"
"2034",2112,"VTYM027"
"2035",2113,"VTYM028"
"2036",2114,"VTYM029"
"2037",2115,"VTYF030"
"2038",2116,"VTYF031"
"2039",2117,"VTYM032"
"2040",2118,"VTYM033"
"2041",2119,"VTYM034"
"2042",2120,"VTYF035"
"2043",2121,"VTYP036"
"2044",2123,"VVHF003"
"2045",2124,"VVHF004"
"2046",2125,"VVHM005"
"2047",2126,"VVHF006"
"2048",2127,"VVHF007"
"2049",2128,"VVHM008"
"2050",2129,"VVHM009"
"2051",2130,"VVHM010"
"2052",2131,"VVHM011"
"2053",2132,"VVHF012"
"2054",2133,"VVHP013"
"2055",2134,"VVHP014"
"2056",2135,"VVHF020"
"2057",2136,"VVHP021"
"2058",2137,"VVHM022"
"2059",2138,"VVHM023"
"2060",2139,"VVHM024"
"2061",2140,"VVHM025"
"2062",2141,"VVHM026"
"2063",2142,"VVHF027"
"2064",2143,"VVHM028"
"2065",2144,"VVHF029"
"2066",2145,"VVHM030"
"2067",2146,"VVHM031"
"2068",2147,"VVHF032"
"2069",2148,"VVHF033"
"2070",2149,"VVHF034"
"2071",2150,"VVHF035"
"2072",2151,"VVHF036"
"2073",2152,"VVHM037"
"2074",2153,"VWM129"
"2075",2154,"VWF140"
"2076",2155,"VWF141"
"2077",2156,"VWM142"
"2078",2157,"VWM143"
"2079",2158,"VWM144"
"2080",2159,"VWF145"
"2081",2160,"VWF146"
"2082",2161,"VWF147"
"2083",2162,"VWM148"
"2084",2163,"VWM149"
"2085",2164,"VWM150"
"2086",2165,"VWM151"
"2087",2166,"VWF153"
"2088",2167,"VWF154"
"2089",2168,"VWM155"
"2090",2169,"VWM156"
"2091",2170,"VWM157"
"2092",2171,"VAZM010"
"2093",2172,"VAZF011"
"2094",2173,"VAZP012"
"2095",2174,"VAZM013"
"2096",2175,"VBBM002"
"2097",2176,"VBBM003"
"2098",2177,"VGCM003"
"2099",2178,"VGCM002"
"2100",2179,"VGCM001"
"2101",2180,"VTYM002"
"2102",2181,"VTYM003"
"2103",2182,"VTYM001"
"2104",2183,"VVHM002"
"2105",2184,"VRRM109"
"2106",2185,"VRRM110"
"2107",2186,"VRRM108"
"2108",2187,"VCBM001"
"2109",2188,"VLM140"
"2110",2189,"VJXM004"
"2111",2190,"VJXM003"
"2112",2191,"VHPF002"
"2113",2192,"VHPF001"
"2114",2193,"VHPF003"
"2115",2194,"VHPF004"
"2116",2195,"VHPF005"
"2117",2196,"VPKM002"
"2118",2197,"VPKM001"
"2119",2198,"VPKM003"
"2120",2199,"VHPF007"
"2121",2200,"VHPF008"
"2122",2201,"VSQF002"
"2123",2202,"VSQF003"
"2124",2203,"VSQM001"
"2125",2204,"VSQM004"
"2126",2205,"VRRM121"
"2127",2206,"VRRM122"
"2128",2207,"VCDM056"
"2129",2208,"VCDM055"
"2130",2209,"VCDM057"
"2131",2210,"VNEM003"
"2132",2211,"VNEM013"
"2133",2212,"VNEM002"
"2134",2213,"VNEF001"
"2135",2214,"VNEF014"
"2136",2215,"VNEM012"
"2137",2216,"VNEM011"
"2138",2217,"VNEM010"
"2139",2218,"VNEM008"
"2140",2219,"VNEF007"
"2141",2220,"VNEF006"
"2142",2221,"VNEM005"
"2143",2222,"VNEF004"
"2144",2223,"VNEF009"
"2145",2224,"VNEF015"
"2146",2225,"VNEM016"
"2147",2226,"VPTM002"
"2148",2227,"VPTF001"
"2149",2228,"VPTM003"
"2150",2229,"VPTF004"
"2151",2230,"VPTM005"
"2152",2231,"VPTM006"
"2153",2232,"VPTM007"
"2154",2233,"VPTU008"
"2155",2234,"VGRM001"
"2156",2235,"VGRM002"
"2157",2236,"VGRF003"
"2158",2237,"VGRF004"
"2159",2238,"VGRF005"
"2160",2239,"VGRF006"
"2161",2240,"VGRM007"
"2162",2241,"VGRU008"
"2163",2242,"VPTM009"
"2164",2243,"VEKM002"
"2165",2244,"VCLM003"
"2166",2245,"VCLF001"
"2167",2246,"VEKM001"
"2168",2249,"VGZF001"
"2169",2250,"VMMM044"
"2170",2251,"VZZP063"
"2171",2332,"VBBP054"
"2172",2333,"VBBP055"
"2173",2334,"VBBP047"
"2174",2335,"VWP152"
"2175",2336,"UU0038"
"2176",2337,"UU0039"
"2177",2338,"UU0040"
"2178",2339,"UU0041"
"2179",2340,"UU0042"
"2180",2341,"VEKM003"
"2181",2342,"VEKF004"
"2182",2343,"VEKF005"
"2183",2344,"VEKF006"
"2184",2345,"VKUM040"
"2185",2346,"VKUF041"
"2186",2347,"VKUF042"
"2187",2348,"VKUF043"
"2188",2349,"VBBM064"
"2189",2350,"VBBF065"
"2190",2351,"VJXF032"
"2191",2352,"VJXM033"
"2192",2353,"VJXM034"
"2193",2354,"VJXF035"
"2194",2355,"VAZM031"
"2195",2356,"VAZF030"
"2196",2357,"VAZF029"
"2197",2358,"VAZF028"
"2198",2359,"VVHM039"
"2199",2360,"VVHF042"
"2200",2361,"VVHM038"
"2201",2362,"VDF150"
"2202",2363,"VDM151"
"2203",2364,"VDM152"
"2204",2365,"VVHM040"
"2205",2366,"VVHM041"
"2206",2367,"VVHM043"
"2207",2368,"VKUM045"
"2208",2369,"VKUM046"
"2209",2370,"VKUM049"
"2210",2371,"VKUF047"
"2211",2372,"VKUM048"
"2212",2373,"VKUM044"
"2213",2374,"VWM162"
"2214",2375,"VWM163"
"2215",2376,"VWF164"
"2216",2377,"VWF161"
"2217",2378,"VWM165"
"2218",2379,"VLM179"
"2219",2380,"VLM181"
"2220",2381,"VRRM136"
"2221",2382,"VRRF137"
"2222",2383,"VRRP138"
"2223",2384,"VLP178"
"2224",2385,"VLF182"
"2225",2386,"VLF180"
"2226",2387,"VSQM028"
"2227",2388,"VSQM029"
"2228",2389,"VTYF037"
"2229",2390,"VTYM040"
"2230",2391,"VBBM072"
"2231",2392,"VBBM071"
"2232",2393,"VTYF038"
"2233",2394,"VTYM039"
"2234",2395,"VSQM030"
"2235",2396,"VSQM032"
"2236",2397,"VFF177"
"2237",2398,"VFF175"
"2238",2399,"VFM178"
"2239",2400,"VFF179"
"2240",2401,"VFM176"
"2241",2402,"VJXM036"
"2242",2403,"VJXM037"
"2243",2404,"VJXF039"
"2244",2405,"VJXF041"
"2245",2406,"VJXM042"
"2246",2407,"VJXM040"
"2247",2408,"VDM154"
"2248",2409,"VDF155"
"2249",2410,"VAZF033"
"2250",2411,"VVHM044"
"2251",2412,"VVHM046"
"2252",2413,"VVHF047"
"2253",2414,"VAZM034"
"2254",2415,"VAZM035"
"2255",2416,"VKUF050"
"2256",2417,"VKUM051"
"2257",2418,"VKUM052"
"2258",2419,"VWF160"
"2259",2420,"VWM166"
"2260",2421,"VWM167"
"2261",2422,"VWF168"
"2262",2423,"VRRM142"
"2263",2424,"VRRM144"
"2264",2425,"VKUM053"
"2265",2426,"VKUM054"
"2266",2427,"VKUF055"
"2267",2428,"VKUM056"
"2268",2429,"VLM186"
"2269",2430,"VLM187"
"2270",2431,"VLM188"
"2271",2432,"VLF184"
"2272",2433,"VLM185"
"2273",2434,"VNEF033"
"2274",2435,"VTYM041"
"2275",2436,"VRRM139"
"2276",2437,"VBBM066"
"2277",2438,"VBBF069"
"2278",2439,"VBBM067"
"2279",2440,"VWM169"
"2280",2441,"VDM157"
"2281",2442,"VSQM034"
"2282",2443,"VSQF036"
"2283",2444,"VSQM033"
"2284",2445,"VSQF035"
"2285",2446,"VJXF045"
"2286",2447,"VJXP043"
"2287",2448,"VJXM044"
"2288",2449,"VJXM047"
"2289",2450,"VJXM046"
"2290",2451,"VKUF058"
"2291",2452,"VKUF057"
"2292",2453,"VKUM059"
"2293",2454,"VKUF060"
"2294",2455,"VVHM048"
"2295",2456,"VVHM049"
"2296",2457,"VVHM050"
"2297",2458,"VVHM051"
"2298",2459,"VTYF106"
"2299",2460,"VMUPUP01"
"2300",2461,"VBU901"
"2301",2462,"VM9502P1"
"2302",2463,"VZU001"
"2303",2464,"VZP2/21596"
"2304",2465,"F00001"
"2305",2466,"F00002"
"2306",2467,"F00003"
"2307",2468,"U00001"
"2308",2469,"F00004"
"2309",2470,"F00005"
"2310",2471,"VP9502P1"
"2311",2472,"F00006"
"2312",2473,"VRF006"
"2313",2474,"U00002"
"2314",2475,"U00003"
"2315",2476,"U00004"
"2316",2477,"U00005"
"2317",2478,"VGPUP01"
"2318",2479,"U00006"
"2319",2480,"VPUP01"
"2320",2481,"VPUP1"
"2321",2482,"VEU001"
"2322",2483,"U00008"
"2323",2484,"U00009"
"2324",2485,"VGMPUP1"
"2325",2486,"VBU001"
"2326",2487,"U00010"
"2327",2488,"U00011"
"2328",2489,"U00012"
"2329",2490,"U00013"
"2330",2491,"U00014"
"2331",2492,"U00015"
"2332",2493,"U00016"
"2333",2494,"U00017"
"2334",2495,"U00018"
"2335",2496,"U00019"
"2336",2497,"U00020"
"2337",2498,"U00021"
"2338",2499,"U00022"
"2339",2500,"U00023"
"2340",2501,"U00024"
"2341",2502,"U00025"
"2342",2503,"U00026"
"2343",2504,"U00027"
"2344",2505,"U00028"
"2345",2506,"U00029"
"2346",2507,"U00030"
"2347",2508,"U00031"
"2348",2509,"U00032"
"2349",2510,"UU0035"
"2350",2511,"UU0036"
"2351",2512,"UU0037"
"2352",2513,"VP9501P1"
"2353",2515,"VAZF036"
"2354",2516,"VAZF040"
"2355",2517,"VAZF043"
"2356",2518,"VAZM032"
"2357",2519,"VAZM044"
"2358",2520,"VAZP037"
"2359",2521,"VAZP038"
"2360",2522,"VAZP039"
"2361",2523,"VAZP041"
"2362",2524,"VAZM042"
"2363",2525,"VAZP045"
"2364",2526,"VAZP046"
"2365",2527,"VAZP054"
"2366",2528,"VAZP048"
"2367",2529,"VBBF077"
"2368",2530,"VBBF079"
"2369",2531,"VBBM062"
"2370",2532,"VBBM063"
"2371",2533,"VBBM068"
"2372",2534,"VBBM070"
"2373",2535,"VBBM073"
"2374",2536,"VBBM074"
"2375",2538,"VBBM076"
"2376",2539,"VBBM078"
"2377",2540,"VBBM080"
"2378",2541,"VBBM081"
"2379",2542,"VBBP016"
"2380",2543,"VBBM017"
"2381",2544,"VBBP033"
"2382",2545,"VBBP034"
"2383",2546,"VBBP036"
"2384",2547,"VBBP037"
"2385",2548,"VBBP056"
"2386",2549,"VBBP057"
"2387",2550,"VCDP053"
"2388",2551,"VCDP054"
"2389",2552,"VDF156"
"2390",2553,"VDF159"
"2391",2554,"VDF162"
"2392",2555,"VDF163"
"2393",2556,"VDM158"
"2394",2557,"VDM161"
"2395",2558,"VDP153"
"2396",2559,"VDF160"
"2397",2560,"VEKF008"
"2398",2561,"VEKF009"
"2399",2562,"VEKF010"
"2400",2563,"VEKF014"
"2401",2564,"VEKM007"
"2402",2565,"VEKM012"
"2403",2566,"VEKM013"
"2404",2567,"VEP134"
"2405",2568,"VEP146"
"2406",2569,"VEP147"
"2407",2570,"VFF180"
"2408",2571,"VFF181"
"2409",2572,"VFF183"
"2410",2573,"VFF186"
"2411",2574,"VFM136"
"2412",2575,"VFM182"
"2413",2576,"VFM184"
"2414",2577,"VFM185"
"2415",2578,"VFM187"
"2416",2579,"VGCF009"
"2417",2580,"VGCF012"
"2418",2581,"VGCF016"
"2419",2582,"VGCF021"
"2420",2583,"VGCF022"
"2421",2584,"VGCF023"
"2422",2585,"VGCM004"
"2423",2586,"VGCM005"
"2424",2587,"VGCM006"
"2425",2588,"VGCM008"
"2426",2589,"VGCM010"
"2427",2590,"VGCM013"
"2428",2591,"VGCM014"
"2429",2592,"VGCM015"
"2430",2593,"VGCM017"
"2431",2594,"VGCM018"
"2432",2595,"VGCM019"
"2433",2596,"VGCM020"
"2434",2597,"VGCM024"
"2435",2598,"VGCP011"
"2436",2599,"VGCU007"
"2437",2600,"VGRU009"
"2438",2601,"VGRU010"
"2439",2602,"VGRU011"
"2440",2603,"VHPF009"
"2441",2604,"VHPF010"
"2442",2605,"VHPF011"
"2443",2606,"VHPF012"
"2444",2607,"VHPU013"
"2445",2608,"VHPU014"
"2446",2609,"VHPU015"
"2447",2610,"VHPP016"
"2448",2611,"VJXF038"
"2449",2612,"VJXF052"
"2450",2613,"VJXF053"
"2451",2614,"VJXM054"
"2452",2615,"VJXM055"
"2453",2616,"VJXP048"
"2454",2617,"VJXP049"
"2455",2618,"VJXP050"
"2456",2619,"VJXM051"
"2457",2620,"VKUF007"
"2458",2621,"VKUF061"
"2459",2622,"VKUF065"
"2460",2623,"VKUP033"
"2461",2624,"VKUF062"
"2462",2625,"VKUP063"
"2463",2626,"VKUP064"
"2464",2627,"VKUP066"
"2465",2628,"VLF183"
"2466",2629,"VLF190"
"2467",2630,"VLM175"
"2468",2631,"VLM176"
"2469",2632,"VLM177"
"2470",2633,"VLM189"
"2471",2634,"VLM191"
"2472",2635,"VLM192"
"2473",2636,"VLM135"
"2474",2637,"VLP136"
"2475",2638,"VLM137"
"2476",2639,"VLF138"
"2477",2640,"VLM139"
"2478",2641,"VLM193"
"2479",2642,"VLF194"
"2480",2643,"VLF195"
"2481",2644,"VNEF032"
"2482",2645,"VNEF034"
"2483",2646,"VNEF035"
"2484",2647,"VNEM021"
"2485",2648,"VNEM027"
"2486",2649,"VNEM028"
"2487",2650,"VNEM029"
"2488",2651,"VNEM030"
"2489",2652,"VNEM031"
"2490",2653,"VNEM036"
"2491",2654,"VNEP017"
"2492",2655,"VNEP018"
"2493",2656,"VNEP019"
"2494",2657,"VNEP020"
"2495",2658,"VNEF037"
"2496",2659,"VNEF038"
"2497",2660,"VNEF039"
"2498",2661,"VNEF040"
"2499",2662,"VNTU014"
"2500",2663,"VNTU015"
"2501",2664,"VNTU016"
"2502",2665,"VNTP017"
"2503",2666,"VNTU018"
"2504",2667,"VNTU019"
"2505",2668,"VNTU020"
"2506",2669,"VNTU021"
"2507",2670,"VNTU022"
"2508",2671,"VNTU023"
"2509",2672,"VNTP024"
"2510",2673,"VPAM003"
"2511",2674,"VPAM001"
"2512",2675,"VPAM002"
"2513",2676,"VPAP004"
"2514",2677,"VPAP005"
"2515",2678,"VPAP006"
"2516",2679,"VPAP007"
"2517",2680,"VPAP008"
"2518",2681,"VPKP004"
"2519",2682,"VPKU005"
"2520",2683,"VPKU006"
"2521",2684,"VPKP007"
"2522",2685,"VPSU005"
"2523",2686,"VPSU006"
"2524",2687,"VPSU007"
"2525",2688,"VRRF145"
"2526",2689,"VRRF146"
"2527",2690,"VRRF147"
"2528",2691,"VRRF148"
"2529",2692,"VRRF149"
"2530",2693,"VRRF151"
"2531",2694,"VRRF152"
"2532",2695,"VRRF153"
"2533",2696,"VRRM140"
"2534",2697,"VRRM150"
"2535",2698,"VRRP141"
"2536",2699,"VRRP143"
"2537",2700,"VSQF031"
"2538",2701,"VSQF041"
"2539",2702,"VSQM037"
"2540",2703,"VSQM039"
"2541",2704,"VSQM040"
"2542",2705,"VSQM042"
"2543",2706,"VSQU006"
"2544",2707,"VSQP038"
"2545",2708,"VTYF042"
"2546",2709,"VTYM043"
"2547",2710,"VTYM045"
"2548",2711,"VTYP007"
"2549",2712,"VTYP012"
"2550",2713,"VTYP013"
"2551",2714,"VTYP026"
"2552",2715,"VTYM044"
"2553",2716,"VVHF058"
"2554",2717,"VVHM045"
"2555",2718,"VVHM056"
"2556",2719,"VVHF057"
"2557",2720,"VVHM059"
"2558",2721,"VVHM060"
"2559",2722,"VVHM052"
"2560",2723,"VVHM053"
"2561",2724,"VVHM054"
"2562",2725,"VVHP055"
"2563",2726,"VWF174"
"2564",2727,"VWF176"
"2565",2728,"VWF177"
"2566",2729,"VWM158"
"2567",2730,"VWM159"
"2568",2731,"VWM170"
"2569",2732,"VWM171"
"2570",2733,"VWM175"
"2571",2734,"VWM172"
"2572",2735,"VWP173"
"2573",2737,"VBBM075"
"2574",2740,"VBBF082"
"2575",2741,"VBBF083"
"2576",2742,"VBBM084"
"2577",2743,"VBBM085"
"2578",2744,"VBBF086"
"2579",2745,"VCVM001"
"2580",2746,"VCVP002"
"2581",2747,"VCVP003"
"2582",2748,"VCVP004"
"2583",2749,"VCVP005"
"2584",2752,"VEKF011"
"2585",2753,"VGZF002"
"2586",2754,"VGZF003"
"2587",2755,"VGZF004"
"2588",2756,"VGZF005"
"2589",2757,"VGZF006"
"2590",2758,"VGZF007"
"2591",2759,"VGZM016"
"2592",2760,"VGZF021"
"2593",2761,"VGZM022"
"2594",2762,"VGZF023"
"2595",2763,"VGZM024"
"2596",2764,"VKUM002"
"2597",2765,"VMFM001"
"2598",2766,"VPSU003"
"2599",2767,"VPSF001"
"2600",2768,"VPSF004"
"2601",2769,"VPSM002"
"2602",2770,"VQEM001"
"2603",2771,"VQEM002"
"2604",2773,"VYDF002"
"2605",2774,"VYDF003"
"2606",2775,"VYDM001"
"2607",2776,"VYDU004"
"2608",2777,"VYDU005"
"2609",2778,"VYDP006"
"2610",2779,"VZUF001"
"2611",2780,"VMMM058a"
"2612",2781,"VMMF059a"
"2613",2782,"VAZP047"
"2614",2783,"VAZF049"
"2615",2784,"VAZM051"
"2616",2785,"VAZF052"
"2617",2786,"VAZM053"
"2618",2787,"VAZM050"
"2619",2788,"VGZF020"
"2620",2789,"VGZM014"
"2621",2790,"VGZM015"
"2622",2791,"VGZM019"
"2623",2792,"VGZF018"
"2624",2793,"VGZ017"
"2625",2794,"VGZM017"
"2626",2795,"VPAF009"
"2627",2796,"VPAM010"
"2628",2797,"VPAM011"
"2629",2798,"VRRM154"
"2630",2799,"VRRM155"
"2631",2800,"VRRF156"
"2632",2801,"VKUF067"
"2633",2802,"VKUF068"
"2634",2803,"VUKF001"
"2635",2804,"VUKM002"
"2636",2805,"VUKF003"
"2637",2806,"VEKM015"
"2638",2807,"VEKF016"
"2639",2808,"VEKU017"
"2640",2809,"VEKF017"
"2641",2810,"VRRF157"
"2642",2811,"VRRM158"
"2643",2812,"VSQM043"
"2644",2813,"VSQF044"
"2645",2814,"VSQF045"
"2646",2815,"VSQP046"
"2647",2816,"VZUM002"
"2648",2817,"VJXM056"
"2649",2818,"VJXF057"
"2650",2819,"VJXF058"
"2651",2820,"VJXM059"
"2652",2821,"VFP188"
"2653",2822,"VFP189"
"2654",2823,"VFP190"
"2655",2824,"VDP164"
"2656",2825,"VDM165"
"2657",2826,"VDF166"
"2658",2827,"VLF196"
"2659",2828,"VLM197"
"2660",2829,"VLM198"
"2661",2830,"VLM199"
"2662",2831,"VLF200"
"2663",2832,"VLF201"
"2664",2833,"VLF202"
"2665",2834,"VVHP061"
"2666",2835,"VVHP062"
"2667",2836,"VVHP063"
"2668",2837,"VBBM087"
"2669",2838,"VCVM006"
"2670",2839,"VCVM007"
"2671",2840,"VCVP008"
"2672",2841,"VCVP009"
"2673",2842,"VCVF010"
"2674",2843,"VWM178"
"2675",2844,"VWP179"
"2676",2845,"VWF180"
"2677",2846,"VWF181"
"2678",2847,"VNEF041"
"2679",2848,"VNEP042"
"2680",2849,"VNEP043"
"2681",2850,"VTYP046"
"2682",2851,"VTYP047"
"2683",2852,"VTYP048"
"2684",2853,"VTYP049"
"2685",2854,"VJXP060"
"2686",2855,"VJXP061"
"2687",2856,"VJXP062"
"2688",2857,"VMYP001"
"2689",2858,"VMYP002"
"2690",2859,"VMYP003"
"2691",2860,"VZUF003"
"2692",2861,"VJXM063"
"2693",2862,"VJXM064"
"2694",2863,"VJXM065"
"2695",2864,"VUKM004"
"2696",2865,"VUKM005"
"2697",2866,"VUKF006"
"2698",2867,"VUKF007"
"2699",2868,"VJXM066"
"2700",2869,"VPAM012"
"2701",2870,"VEKM018"
"2702",2871,"VEKM019"
"2703",2872,"VEKF020"
"2704",2873,"VLM203"
"2705",2874,"VLF204"
"2706",2875,"VLF205"
"2707",2876,"VLF206"
"2708",2877,"VPAM013"
"2709",2878,"VPAM014"
"2710",2879,"VBBF088"
"2711",2880,"VBBM089"
"2712",2881,"VBBM090"
"2713",2882,"VVHF064"
"2714",2883,"VVHM065"
"2715",2884,"VVHM066"
"2716",2885,"VVHF067"
"2717",2886,"VRRF159"
"2718",2887,"VRRM160"
"2719",2888,"VRRM161"
"2720",2889,"VJXF067"
"2721",2890,"VJXM068"
"2722",2891,"VJXM069"
"2723",2892,"VJXF070"
"2724",2893,"VJXM071"
"2725",2894,"VPAM015"
"2726",2895,"VPAF016"
"2727",2896,"VPAP017"
"2728",2897,"VPAF018"
"2729",2898,"VKUF069"
"2730",2899,"VRRM162"
"2731",2900,"VLM207"
"2732",2901,"VLM208"
"2733",2902,"VLM209"
"2734",2903,"VMYF004"
"2735",2904,"VMYF005"
"2736",2905,"VZUF004"
"2737",2906,"VZUF005"
"2738",2907,"VZUM006"
"2739",2908,"VEKF021"
"2740",2909,"VEKF022"
"2741",2910,"VEKF023"
"2742",2911,"VDF167"
"2743",2912,"VDF168"
"2744",2913,"VDM169"
"2745",2914,"VDF170"
"2746",2915,"VUKM008"
"2747",2916,"VUKM009"
"2748",2917,"VUKM010"
"2749",2918,"VUKF011"
"2750",2919,"VUKF012"
"2751",2920,"VVHM068"
"2752",2921,"VZUF007"
"2753",2922,"VZUM008"
"2754",2923,"VZUF009"
"2755",2924,"VZUM010"
"2756",2925,"VZUM011"
"2757",2926,"VFAF001"
"2758",2927,"VFAM002"
"2759",2928,"VFAM003"
"2760",2929,"VBBM091"
"2761",2930,"VBBM092"
"2762",2931,"VBBF093"
"2763",2932,"VBBM094"
"2764",2933,"VTYP107"
"2765",2934,"VTYM108"
"2766",2935,"VTYP109"
"2767",2936,"VTYU110"
"2768",2937,"VCKM001"
"2769",2938,"VCKF002"
"2770",2939,"VCKM003"
"2771",2940,"VGBP001"
"2772",2941,"VGBP002"
"2773",2942,"VGBM003"
"2774",2943,"VGBP004"
"2775",2944,"VGBP005"
"2776",2945,"VVHF069"
"2777",2946,"VVHF070"
"2778",2947,"VVHM071"
"2779",2948,"VVHF072"
"2780",2949,"VVHF073"
"2781",2950,"VKUM070"
"2782",2951,"VKUM071"
"2783",2952,"VKUM072"
"2784",2953,"VKUM073"
"2785",2954,"VKUP074"
"2786",2955,"VKUP075"
"2787",2956,"VKUP076"
"2788",2957,"VGBU006"
"2789",2958,"VGBU007"
"2790",2959,"VLM210"
"2791",2960,"VLM211"
"2792",2961,"VKUF077"
"2793",2962,"VPAF019"
"2794",2963,"VPAF020"
"2795",2964,"VPAF021"
"2796",2965,"VPAM022"
"2797",2966,"VRRM163"
"2798",2967,"VEKM024"
"2799",2968,"VEKF025"
"2800",2969,"VEKF026"
"2801",2970,"VDF171"
"2802",2971,"VDF172"
"2803",2972,"VDF173"
"2804",2973,"VDF174"
"2805",2974,"VVHM074"
"2806",2975,"VQLF001"
"2807",2976,"VQLM002"
"2808",2977,"VWF182"
"2809",2978,"VUKP013"
"2810",2979,"VUKM014"
"2811",2980,"VUKF015"
"2812",2981,"VWF183"
"2813",2982,"VWF184"
"2814",2983,"VWM185"
"2815",2984,"VWM186"
"2816",2985,"VUKF016"
"2817",2986,"VUKM017"
"2818",2987,"VUKF018"
"2819",2988,"VJXM072"
"2820",2989,"VJXM073"
"2821",2990,"VJXF074"
"2822",2991,"VJXM075"
"2823",2992,"VNMM001"
"2824",2993,"VNMM002"
"2825",2994,"VNMM003"
"2826",2995,"VZUF012"
"2827",2996,"VZUM013"
"2828",2997,"VZUF014"
"2829",2998,"VZUP015"
"2830",2999,"VZUM016"
"2831",3000,"VMYP006"
"2832",3001,"VMYM007"
"2833",3002,"VMYF008"
"2834",3003,"VMYM009"
"2835",3004,"VFAF004"
"2836",3005,"VFAM005"
"2837",3006,"VFAM006"
"2838",3007,"VFAM007"
"2839",3008,"VBBM095"
"2840",3009,"VBBM096"
"2841",3010,"VBBM097"
"2842",3011,"VBBM098"
"2843",3012,"VMYF010"
"2844",3013,"VMYP011"
"2845",3014,"VRRF164"
"2846",3015,"VRRF165"
"2847",3016,"VRRM166"
"2848",3017,"VRRM167"
"2849",3018,"VRRF168"
"2850",3019,"VRRP169"
"2851",3020,"VCKM004"
"2852",3021,"VCKF005"
"2853",3022,"VSKU001"
"2854",3023,"VSKU002"
"2855",3024,"VCKM006"
"2856",3025,"VCKF007"
"2857",3026,"VCKP008"
"2858",3027,"VCKM009"
"2859",3028,"VCKP010"
"2860",3029,"VSKU003"
"2861",3030,"VMYF012"
"2862",3031,"VFAF008"
"2863",3032,"VGBP008"
"2864",3033,"VGBF009"
"2865",3034,"VGBF010"
"2866",3035,"VGBM011"
"2867",3036,"VGBP012"
"2868",3037,"VVHM075"
"2869",3038,"VVHM076"
"2870",3039,"VVHM077"
"2871",3040,"VEKM027"
"2872",3041,"VEKM028"
"2873",3042,"VEKF029"
"2874",3043,"VEKM030"
"2875",3044,"VQLM003"
"2876",3045,"VQLF004"
"2877",3046,"VQLF005"
"2878",3047,"VDM175"
"2879",3048,"VQLP006"
"2880",3049,"VQLP007"
"2881",3050,"VPAF023"
"2882",3051,"VPAM024"
"2883",3052,"VPAM025"
"2884",3053,"VKUF078"
"2885",3054,"VKUM079"
"2886",3055,"VKUF080"
"2887",3056,"VKUM081"
"2888",3057,"VPAM026"
"2889",3058,"VLP212"
"2890",3059,"VLP213"
"2891",3060,"VNMF004"
"2892",3061,"VNMM005"
"2893",3062,"VNMM006"
"2894",3063,"VNMM007"
"2895",3064,"VZUM017"
"2896",3065,"VZUM018"
"2897",3066,"VQLM008"
"2898",3067,"VQLM009"
"2899",3068,"VQLF010"
"2900",3069,"VQLF011"
"2901",3070,"VGBU013"
"2902",3071,"VGBU014"
"2903",3072,"VGBU015"
"2904",3073,"VBBM099"
"2905",3074,"VBBM100"
"2906",3075,"VBBF101"
"2907",3076,"VJXM076"
"2908",3077,"VJXM077"
"2909",3078,"VJXM078"
"2910",3079,"VJXM079"
"2911",3080,"VUKM019"
"2912",3081,"VUKM020"
"2913",3082,"VUKM021"
"2914",3083,"VPAF027"
"2915",3084,"VPAM028"
"2916",3085,"VPAM029"
"2917",3086,"VPAF030"
"2918",3087,"VVHM078"
"2919",3088,"VVHF079"
"2920",3089,"VVHF080"
"2921",3090,"VVHM081"
"2922",3091,"VVHM082"
"2923",3092,"VFAM009"
"2924",3093,"VFAF010"
"2925",3094,"VFAF011"
"2926",3095,"VFAM012"
"2927",3096,"VRRF170"
"2928",3097,"VRRM171"
"2929",3098,"VRRM172"
"2930",3099,"VWM187"
"2931",3100,"VWF188"
"2932",3101,"VWF189"
"2933",3102,"VMYP013"
"2934",3103,"VMYP014"
"2935",3104,"VMYU015"
"2936",3105,"VDM176"
"2937",3106,"VDM177"
"2938",3107,"VDF178"
"2939",3108,"VDF179"
"2940",3109,"VBBM102"
"2941",3110,"VBBM103"
"2942",3111,"VBBF104"
"2943",3112,"VEKM031"
"2944",3113,"VEKF032"
"2945",3114,"VEKM033"
"2946",3115,"VNMM008"
"2947",3116,"VVHM083"
"2948",3117,"VVHF084"
"2949",3118,"VVHM085"
"2950",3119,"VNMF009"
"2951",3120,"VNMF010"
"2952",3121,"VVHM086"
"2953",3122,"VZUM019"
"2954",3123,"VZUM020"
"2955",3124,"VZUF021"
"2956",3125,"VZUM022"
"2957",3126,"VCKP011"
"2958",3127,"VCKP012"
"2959",3128,"VCKP013"
"2960",3129,"VMYM016"
"2961",3130,"VQLM012"
"2962",3131,"VQLM013"
"2963",3132,"VQLF014"
"2964",3133,"VQLM015"
"2965",3134,"VQLM016"
"2966",3135,"VQLM017"
"2967",3136,"VQLF018"
"2968",3137,"VB2P001"
"2969",3138,"VB2P002"
"2970",3139,"VGKM001"
"2971",3140,"VGKF002"
"2972",3141,"VGKF003"
"2973",3142,"VGKM004"
"2974",3143,"VLM214"
"2975",3144,"VLF215"
"2976",3145,"VLM216"
"2977",3146,"VUKM022"
"2978",3147,"VUKF023"
"2979",3148,"VUKM024"
"2980",3149,"VRRP173"
"2981",3150,"VRRF174"
"2982",3151,"VRRF175"
"2983",3152,"VRRP176"
"2984",3153,"VWP190"
"2985",3154,"VWP191"
"2986",3155,"VEKM034"
"2987",3156,"VJXF080"
"2988",3157,"VJXF081"
"2989",3158,"VJXM082"
"2990",3159,"VJXM083"
"2991",3160,"VJXF084"
"2992",3161,"VJXM085"
"2993",3162,"VNMP011"
"2994",3163,"VBBM105"
"2995",3164,"VBBM106"
"2996",3165,"VBBF107"
"2997",3166,"VPAF031"
"2998",3167,"VPAM032"
"2999",3168,"VPAM033"
"3000",3169,"VPAM034"
"3001",3170,"VPAF035"
"3002",3171,"VNMP012"
"3003",3172,"VBBF108"
"3004",3173,"VNMP013"
"3005",3174,"VNMP014"
"3006",3175,"VWF192"
"3007",3176,"VWP193"
"3008",3177,"VWF194"
"3009",3178,"VWP195"
"3010",3179,"VWF196"
"3011",3180,"VTBP001"
"3012",3181,"VDF180"
"3013",3182,"VVHP087"
"3014",3183,"VRRP177"
"3015",3185,"VVHF088"
"3016",3186,"VGKM005"
"3017",3187,"VYMF001"
"3018",3188,"VVHM089"
"3019",3189,"VVHF090"
"3020",3190,"VVHF091"
"3021",3191,"VHVF001"
"3022",3192,"VXHF001"
"3023",3193,"VXHM002"
"3024",3194,"VXHP003"
"3025",3195,"VTBM002"
"3026",3196,"VTBF003"
"3027",3197,"VTBM004"
"3028",3198,"VTBM005"
"3029",3199,"VYMU002"
"3030",3200,"VEKM035"
"3031",3201,"VEKM036"
"3032",3202,"VEKF037"
"3033",3203,"VEKM038"
"3034",3204,"VEKF039"
"3035",3205,"VPAF036"
"3036",3206,"VLP217"
"3037",3207,"VLP218"
"3038",3208,"VNMF015"
"3039",3209,"VNMM016"
"3040",3210,"VNMM017"
"3041",3211,"VPAF037"
"3042",3212,"VPAF038"
"3043",3213,"VPAM039"
"3044",3214,"VQLF019"
"3045",3215,"VQLM020"
"3046",3216,"VQLM021"
"3047",3217,"VGKM006"
"3048",3218,"VGKF007"
"3049",3219,"VQLP022"
"3050",3220,"VQLM023"
"3051",3221,"VAXF001"
"3052",3222,"VAXF002"
"3053",3223,"VAXM003"
"3054",3224,"VAXM004"
"3055",3225,"VBBF109"
"3056",3226,"VBBF110"
"3057",3227,"VBBF111"
"3058",3228,"VBBF112"
"3059",3229,"VBBM113"
"3060",3230,"VGKM008"
"3061",3231,"VGKF009"
"3062",3232,"VHVM002"
"3063",3233,"VHVM003"
"3064",3234,"VHVM004"
"3065",3235,"VXHM004"
"3066",3236,"VRRP178"
"3067",3237,"VRRP179"
"3068",3238,"VHVU005"
"3069",3239,"VHVU006"
"3070",3240,"VHVM007"
"3071",3241,"VRRF180"
"3072",3242,"VRRM181"
"3073",3243,"VRRM182"
"3074",3244,"VRRM183"
"3075",3245,"VRRM184"
"3076",3246,"DDM001"
"3077",3247,"DDM002"
"3078",3248,"DDM003"
"3079",3249,"DDM004"
"3080",3250,"DDM005"
"3081",3251,"DDM006"
"3082",3252,"DDM007"
"3083",3253,"DDM008"
"3084",3254,"DDM009"
"3085",3255,"DDM010"
"3086",3256,"DDM011"
"3087",3257,"DDM012"
"3088",3258,"DDM013"
"3089",3259,"DDM014"
"3090",3260,"DDM015"
"3091",3261,"DDM016"
"3092",3262,"DDM017"
"3093",3263,"DDM018"
"3094",3264,"DDM019"
"3095",3265,"DDM020"
"3096",3266,"DDM021"
"3097",3267,"DDM022"
"3098",3268,"DDM023"
"3099",3269,"DDM024"
"3100",3270,"DDM025"
"3101",3271,"DDM026"
"3102",3272,"DDM027"
"3103",3273,"DDM028"
"3104",3274,"DDM029"
"3105",3275,"DDM030"
"3106",3276,"DDM031"
"3107",3277,"DDM032"
"3108",3278,"DDM033"
"3109",3279,"DDM034"
"3110",3280,"DDM035"
"3111",3281,"DDM036"
"3112",3282,"DDM037"
"3113",3283,"DDM038"
"3114",3284,"DDM039"
"3115",3285,"DDM040"
"3116",3286,"DDM041"
"3117",3287,"DDM042"
"3118",3288,"DDM043"
"3119",3289,"DDM044"
"3120",3290,"DDM045"
"3121",3291,"DDM046"
"3122",3292,"DDM047"
"3123",3293,"DDM048"
"3124",3294,"DDM049"
"3125",3295,"DDM050"
"3126",3296,"DDM051"
"3127",3297,"DDM052"
"3128",3298,"DDM053"
"3129",3299,"DDM054"
"3130",3300,"DDM055"
"3131",3301,"DDM056"
"3132",3302,"DDM057"
"3133",3303,"DDM058"
"3134",3304,"DDM059"
"3135",3305,"DDM060"
"3136",3306,"DDM061"
"3137",3307,"DDM062"
"3138",3308,"DDM063"
"3139",3309,"DDM064"
"3140",3310,"DDM065"
"3141",3311,"DDM066"
"3142",3312,"DDM067"
"3143",3313,"DDM068"
"3144",3314,"DDM069"
"3145",3315,"DDM070"
"3146",3316,"DDM071"
"3147",3317,"DDM072"
"3148",3318,"DDM073"
"3149",3319,"DDM074"
"3150",3320,"DDM075"
"3151",3321,"DDM076"
"3152",3322,"DDM077"
"3153",3323,"DDM078"
"3154",3324,"DDM079"
"3155",3325,"DDM080"
"3156",3326,"DDF081"
"3157",3327,"DDF082"
"3158",3328,"DDF083"
"3159",3329,"DDF084"
"3160",3330,"DDF085"
"3161",3331,"DDF086"
"3162",3332,"DDF087"
"3163",3333,"DDF088"
"3164",3334,"DDF089"
"3165",3335,"DDF090"
"3166",3336,"DDF091"
"3167",3337,"DDF092"
"3168",3338,"DDF093"
"3169",3339,"DDF094"
"3170",3340,"DDF095"
"3171",3341,"DDF096"
"3172",3342,"DDF097"
"3173",3343,"DDF098"
"3174",3344,"DDF099"
"3175",3345,"DDF100"
"3176",3346,"DDF101"
"3177",3347,"DDM102"
"3178",3348,"DDM103"
"3179",3349,"DDM104"
"3180",3350,"DDM105"
"3181",3351,"DDM106"
"3182",3352,"DDM107"
"3183",3353,"DDM108"
"3184",3354,"DDM109"
"3185",3355,"DDM110"
"3186",3356,"DDM111"
"3187",3357,"DDM112"
"3188",3358,"DDM113"
"3189",3359,"DDM114"
"3190",3360,"DDM115"
"3191",3361,"DDM116"
"3192",3362,"DDM117"
"3193",3363,"DDM118"
"3194",3364,"DDM119"
"3195",3365,"DDM120"
"3196",3366,"DDM121"
"3197",3367,"DDM122"
"3198",3368,"DDM123"
"3199",3369,"DDM124"
"3200",3370,"DDM125"
"3201",3371,"DDM126"
"3202",3372,"DDM127"
"3203",3373,"DDM128"
"3204",3374,"DDM129"
"3205",3375,"DDM130"
"3206",3376,"DDM131"
"3207",3377,"DDM132"
"3208",3378,"DDM133"
"3209",3379,"DDM134"
"3210",3380,"DDM135"
"3211",3381,"DDM136"
"3212",3382,"DDM137"
"3213",3383,"DDM138"
"3214",3384,"DDM139"
"3215",3385,"DDM140"
"3216",3386,"DDM141"
"3217",3387,"DDM142"
"3218",3388,"DDM143"
"3219",3389,"DDM144"
"3220",3390,"DDM145"
"3221",3391,"DDM146"
"3222",3392,"DDM147"
"3223",3393,"DDM148"
"3224",3394,"DDM149"
"3225",3395,"DDF150"
"3226",3396,"DDF151"
"3227",3397,"DDF152"
"3228",3398,"VHVM008"
"3229",3399,"VHVM009"
"3230",3400,"VHVM010"
"3231",3401,"DDM153"
"3232",3402,"DDF154"
"3233",3403,"VJXF086"
"3234",3404,"VJXM087"
"3235",3405,"VJXM088"
"3236",3406,"VJXF089"
"3237",3407,"VXHU005"
"3238",3408,"VXHU006"
"3239",3409,"VXHP007"
"3240",3410,"VVHM092"
"3241",3411,"VVHF093"
"3242",3412,"VVHM094"
"3243",3413,"VFFU001"
"3244",3414,"ZZVU011"
"3245",3415,"ZZVM018"
"3246",3416,"ZZVU032"
"3247",3417,"ZZVM033"
"3248",3418,"ZZVU056"
"3249",3419,"ZZVM061"
"3250",3420,"ZZVM105"
"3251",3421,"ZZVU109"
"3252",3422,"ZZVP110"
"3253",3423,"ZZVP111"
"3254",3424,"ZZVM112"
"3255",3425,"ZZVU113"
"3256",3426,"ZZVM122"
"3257",3427,"ZZVF127"
"3258",3428,"ZZVP130"
"3259",3429,"ZZVP132A"
"3260",3430,"ZZVP132B"
"3261",3431,"ZZVP132C"
"3262",3432,"ZZVP132D"
"3263",3433,"ZZVP132E"
"3264",3434,"ZZVP133"
"3265",3435,"ZZVP134A"
"3266",3436,"ZZVP134B"
"3267",3437,"ZZVP134C"
"3268",3438,"ZZVP134D"
"3269",3439,"ZZVP134E"
"3270",3440,"ZZVP136"
"3271",3441,"ZZVU137"
"3272",3442,"ZZVU139"
"3273",3443,"ZZVU140"
"3274",3444,"ZZVP153"
"3275",3445,"ZZVU159"
"3276",3446,"ZZVP160"
"3277",3447,"ZZVU162"
"3278",3448,"ZZVP165A"
"3279",3449,"ZZVP165B"
"3280",3450,"ZZVP165C"
"3281",3451,"ZZVP165D"
"3282",3452,"ZZVP165E"
"3283",3453,"ZZVP166"
"3284",3454,"ZZVP168"
"3285",3455,"ZZVU169"
"3286",3456,"ZZVU171"
"3287",3457,"ZZVU172"
"3288",3458,"ZZVU179"
"3289",3459,"ZZVP199"
"3290",3460,"ZZVU200"
"3291",3461,"ZZVP202"
"3292",3462,"ZZVP203"
"3293",3463,"ZZVU204"
"3294",3464,"ZZVP206"
"3295",3465,"ZZVP207"
"3296",3466,"ZZVU208"
"3297",3467,"ZZVP209"
"3298",3468,"ZZVU210"
"3299",3469,"VLF219"
"3300",3470,"VLM220"
"3301",3471,"VLM221"
"3302",3472,"VFFU002"
"3303",3473,"VFFP003"
"3304",3474,"VRRM185"
"3305",3475,"VRRM186"
"3306",3476,"VRRM187"
"3307",3477,"ZZVU214"
"3308",3478,"VAXM005"
"3309",3479,"VAXF006"
"3310",3480,"VAXF007"
"3311",3481,"VUKM025"
"3312",3482,"VUKF026"
"3313",3483,"VUKM027"
"3314",3484,"VUKF028"
"3315",3485,"VUKM029"
"3316",3486,"VDF181"
"3317",3487,"VDF182"
"3318",3488,"VDF183"
"3319",3489,"VDM184"
"3320",3490,"VDM185"
"3321",3491,"VDM186"
"3322",3492,"VDM187"
"3323",3493,"VEKU040"
"3324",3494,"VEKM041"
"3325",3495,"VEKM042"
"3326",3496,"VPAF040"
"3327",3497,"VPAF041"
"3328",3498,"VPAF042"
"3329",3499,"ZZVU215"
"3330",3500,"VBBM114"
"3331",3501,"VBBM115"
"3332",3502,"VBBF116"
"3333",3503,"VBBF117"
"3334",3504,"VWU197"
"3335",3505,"VWU198"
"3336",3506,"VWP199"
"3337",3507,"VWU200"
"3338",3508,"VZUM023"
"3339",3509,"VZUM024"
"3340",3510,"VZUM025"
"3341",3511,"VNMM018"
"3342",3512,"VVHF095"
"3343",3513,"VVHF096"
"3344",3514,"VVHF097"
"3345",3515,"VVHF098"
"3346",3516,"VVHM099"
"3347",3517,"VHVF011"
"3348",3518,"VHVM012"
"3349",3519,"VHVU013"
"3350",3520,"VNMM019"
"3351",3521,"VNMM020"
"3352",3522,"VNMM021"
"3353",3523,"VNMM022"
"3354",3524,"VQLF024"
"3355",3525,"VQLF025"
"3356",3526,"VQLM026"
"3357",3527,"VRRF188"
"3358",3528,"VRRM189"
"3359",3529,"VRRF190"
"3360",3530,"VRRM191"
"3361",3531,"VHVU014"
"3362",3532,"VJXU090"
"3363",3533,"VJXU091"
"3364",3534,"VJXF092"
"3365",3535,"VPAU043"
"3366",3536,"VPAU044"
"3367",3537,"VPAU045"
"3368",3538,"VPAU046"
"3369",3539,"VAXM008"
"3370",3540,"VAXF009"
"3371",3541,"VAXM010"
"3372",3542,"VAXM011"
"3373",3543,"VFFU004"
"3374",3544,"VFFU005"
"3375",3545,"VSAU001"
"3376",3546,"VSAU002"
"3377",3547,"VSAU003"
"3378",3548,"VSAU004"
"3379",3549,"VSAU005"
"3380",3550,"ZZVU223"
"3381",3551,"VEKF043"
"3382",3552,"VEKU044"
"3383",3553,"VEKU045"
"3384",3554,"VEKU046"
"3385",3555,"ZZVU224"
"3386",3556,"VBBU118"
"3387",3557,"VBBU119"
"3388",3558,"VBBU120"
"3389",3559,"VWU201"
"3390",3560,"ZZVU229"
"3391",3561,"ZZVU193"
"3392",3562,"ZZVU170"
"3393",3563,"ZZVM190"
"3394",3564,"VSAU006"
"3395",3565,"VPAM047"
"3396",3566,"ZZVU237"
"3397",3567,"VR3U001"
"3398",3568,"VR3M002"
"3399",3569,"VR3U003"
"3400",3570,"VQLP027"
"3401",3571,"VBBM121"
"3402",3572,"VBBM122"
"3403",3573,"VBBM123"
"3404",3574,"VBBM124"
"3405",3575,"VNMM023"
"3406",3576,"VPAM048"
"3407",3577,"VLF222"
"3408",3578,"VLF223"
"3409",3579,"VVHF100"
"3410",3580,"VVHM101"
"3411",3581,"VVHM102"
"3412",3582,"VVHM103"
"3413",3583,"VVHM104"
"3414",3584,"VEKM047"
"3415",3585,"VEKM048"
"3416",3586,"VEKF049"
"3417",3587,"VJXM093"
"3418",3588,"VJXF094"
"3419",3589,"VJXM095"
"3420",3590,"VJXF096"
"3421",3591,"VUKF030"
"3422",3592,"VPAM049"
"3423",3593,"VPAF050"
"3424",3594,"VPAF051"
"3425",3595,"VPAF052"
"3426",3596,"VPAM053"
"3427",3597,"VPAM054"
"3428",3598,"VPAF055"
"3429",3599,"VPAM056"
"3430",3600,"VRRM192"
"3431",3601,"VRRF193"
"3432",3602,"VRRF194"
"3433",3603,"VPAP057"
"3434",3604,"VPAP058"
"3435",3605,"VUKP031"
"3436",3606,"VUKP032"
"3437",3607,"VUKP033"
"3438",3608,"VPAU059"
"3439",3609,"VPAU060"
"3440",3610,"VJXF097"
"3441",3611,"VJXM098"
"3442",3612,"VJXM099"
"3443",3613,"VJXM100"
"3444",3614,"VRRM195"
"3445",3615,"VRRM196"
"3446",3616,"VRRM197"
"3447",3617,"VRRM198"
"3448",3618,"VRRM199"
"3449",3619,"VRRU200"
"3450",3620,"VLM224"
"3451",3621,"VLF225"
"3452",3622,"VLF226"
"3453",3623,"VVHF105"
"3454",3624,"VVHM106"
"3455",3625,"VVHM107"
"3456",3626,"VVHM108"
"3457",3627,"VVHF109"
"3458",3628,"VVHF110"
"3459",3629,"VQLU028"
"3460",3630,"VQLP029"
"3461",3631,"VTKU001"
"3462",3632,"VBBM125"
"3463",3633,"VBBF126"
"3464",3634,"VBBF127"
"3465",3635,"VBBM128"
"3466",3636,"VWM202"
"3467",3637,"VWF203"
"3468",3638,"VWF204"
"3469",3639,"VNMU024"
"3470",3640,"VNMU025"
"3471",3641,"VNMU026"
"3472",3642,"VNMU027"
"3473",3643,"VNMU028"
"3474",3644,"VPAF061"
"3475",3645,"VPAM062"
"3476",3646,"VPAM063"
"3477",3647,"VEKM050"
"3478",3648,"VEKM051"
"3479",3649,"VEKM052"
"3480",3650,"VEKU053"
"3481",3651,"VEKF054"
"3482",3652,"VHMF001"
"3483",3653,"VHMM002"
"3484",3654,"VHMM003"
"3485",3655,"VHMF004"
"3486",3656,"VMPF001"
"3487",3657,"VUBM001"
"3488",3658,"VUBM002"
"3489",3659,"VUBM003"
"3490",3660,"VMPU002"
"3491",3661,"VLF227"
"3492",3662,"VLM228"
"3493",3663,"VLF229"
"3494",3664,"VLF230"
"3495",3665,"VBBF129"
"3496",3666,"VBBM130"
"3497",3667,"VBBM131"
"3498",3668,"VBBF132"
"3499",3669,"VBBM133"
"3500",3670,"VBBF134"
"3501",3671,"VBBF135"
"3502",3672,"VBBM136"
"3503",3673,"VBBF137"
"3504",3674,"VVHM111"
"3505",3675,"VVHM112"
"3506",3676,"VVHF113"
"3507",3677,"VVHM114"
"3508",3678,"VVHF115"
"3509",3679,"VVHF116"
"3510",3680,"VZUM026"
"3511",3681,"VHMM005"
"3512",3682,"VHMM006"
"3513",3683,"VHMM007"
"3514",3684,"VMPF003"
"3515",3685,"VMPF004"
"3516",3686,"VMPM005"
"3517",3687,"VMPF006"
"3518",3688,"VMPF007"
"3519",3689,"VCPU001"
"3520",3690,"VCPU002"
"3521",3691,"VCPU003"
"3522",3692,"VCPU004"
"3523",3693,"VCPU005"
"3524",3694,"VSAU007"
"3525",3695,"VSAU008"
"3526",3696,"VSAU009"
"3527",3697,"VSAU010"
"3528",3698,"VPAU064"
"3529",3699,"VPAU065"
"3530",3700,"VPAU066"
"3531",3701,"VUBM004"
"3532",3702,"VUBF005"
"3533",3703,"VUBM006"
"3534",3704,"VJXM101"
"3535",3705,"VJXF102"
"3536",3706,"VJXM103"
"3537",3707,"VJXM104"
"3538",3708,"VJXM105"
"3539",3709,"VUBM007"
"3540",3710,"VUBM008"
"3541",3711,"VZUP027"
"3542",3712,"VBBF138"
"3543",3713,"VBBF139"
"3544",3714,"VBBM140"
"3545",3715,"VBBM141"
"3546",3716,"VBBF142"
"3547",3717,"VUBU009"
"3548",3718,"VUBU010"
"3549",3719,"VWM205"
"3550",3720,"VWF206"
"3551",3721,"VWM207"
"3552",3722,"VWM208"
"3553",3723,"VWM209"
"3554",3724,"VUBU011"
"3555",3725,"VVHM117"
"3556",3726,"VVHF118"
"3557",3727,"VVHM119"
"3558",3728,"VRRU201"
"3559",3729,"VRRU202"
"3560",3730,"VRRU203"
"3561",3731,"VRRU204"
"3562",3732,"VRRU205"
"3563",3733,"VZUF028"
"3564",3734,"VZUF029"
"3565",3735,"VZUM030"
"3566",3736,"VVHU120"
"3567",3737,"VZUU031"
"3568",3738,"VAHU001"
"3569",3739,"VLU231"
"3570",3740,"VLU232"
"3571",3741,"VLU233"
"3572",3742,"VSOF001"
"3573",3743,"VMPF008"
"3574",3744,"U00033"
"3575",3745,"VUBF012"
"3576",3746,"VUBF013"
"3577",3747,"VUBU014"
"3578",3748,"VYEM001"
"3579",3749,"DDM155"
"3580",3750,"DDM156"
"3581",3751,"DDM157"
"3582",3752,"DDM158"
"3583",3753,"DDM159"
"3584",3754,"DDM160"
"3585",3755,"DDM161"
"3586",3756,"DDM162"
"3587",3757,"DDM163"
"3588",3758,"DDM164"
"3589",3759,"DDM165"
"3590",3760,"DDM166"
"3591",3761,"DDM167"
"3592",3762,"DDM168"
"3593",3763,"DDM169"
"3594",3764,"DDM170"
"3595",3765,"DDM171"
"3596",3766,"DDM172"
"3597",3767,"DDM173"
"3598",3768,"DDM174"
"3599",3769,"DDM175"
"3600",3770,"DDM176"
"3601",3771,"DDM177"
"3602",3772,"DDM178"
"3603",3773,"DDM179"
"3604",3774,"DDM180"
"3605",3775,"DDM181"
"3606",3776,"DDM182"
"3607",3777,"DDM183"
"3608",3778,"DDM184"
"3609",3779,"DDM185"
"3610",3780,"DDM186"
"3611",3781,"DDM187"
"3612",3782,"DDM188"
"3613",3783,"DDM189"
"3614",3784,"DDM190"
"3615",3785,"DDM191"
"3616",3786,"DDM192"
"3617",3787,"DDM193"
"3618",3788,"DDM194"
"3619",3789,"DDM195"
"3620",3790,"DDM196"
"3621",3791,"DDM197"
"3622",3792,"DDM198"
"3623",3793,"DDM199"
"3624",3794,"DDM200"
"3625",3795,"DDM201"
"3626",3796,"DDM202"
"3627",3797,"DDM203"
"3628",3798,"DDM204"
"3629",3799,"DDM205"
"3630",3800,"DDM206"
"3631",3801,"DDM207"
"3632",3802,"DDM208"
"3633",3803,"DDM209"
"3634",3804,"DDM210"
"3635",3805,"DDM211"
"3636",3806,"DDF212"
"3637",3807,"DDF213"
"3638",3808,"DDF214"
"3639",3809,"DDF215"
"3640",3810,"DDF216"
"3641",3811,"DDF217"
"3642",3812,"DDF218"
"3643",3813,"DDF219"
"3644",3814,"DDF220"
"3645",3815,"DDF221"
"3646",3816,"DDF222"
"3647",3817,"DDF223"
"3648",3818,"VLM234"
"3649",3819,"VLF235"
"3650",3820,"VLM236"
"3651",3821,"VLM237"
"3652",3822,"VLM238"
"3653",3823,"DDM224"
"3654",3824,"DDM225"
"3655",3825,"DDM226"
"3656",3826,"DDM227"
"3657",3827,"DDM228"
"3658",3828,"DDM229"
"3659",3829,"DDM230"
"3660",3830,"DDM231"
"3661",3831,"DDM232"
"3662",3832,"DDM233"
"3663",3833,"DDM234"
"3664",3834,"DDM235"
"3665",3835,"DDM236"
"3666",3836,"DDM237"
"3667",3837,"DDM238"
"3668",3838,"DDM239"
"3669",3839,"DDM240"
"3670",3840,"DDM241"
"3671",3841,"DDM242"
"3672",3842,"DDM243"
"3673",3843,"DDM244"
"3674",3844,"DDM245"
"3675",3845,"DDM246"
"3676",3846,"DDM247"
"3677",3847,"DDM248"
"3678",3848,"DDM249"
"3679",3849,"DDM250"
"3680",3850,"DDM251"
"3681",3851,"DDM252"
"3682",3852,"DDM253"
"3683",3853,"DDM254"
"3684",3854,"DDM255"
"3685",3855,"DDM256"
"3686",3856,"DDM257"
"3687",3857,"DDM258"
"3688",3858,"DDM259"
"3689",3859,"DDM260"
"3690",3860,"DDM261"
"3691",3861,"DDM262"
"3692",3862,"DDM263"
"3693",3863,"DDM264"
"3694",3864,"DDM265"
"3695",3865,"DDM266"
"3696",3866,"DDM267"
"3697",3867,"DDM268"
"3698",3868,"DDM269"
"3699",3869,"DDM270"
"3700",3870,"DDM271"
"3701",3871,"DDM272"
"3702",3872,"DDM273"
"3703",3873,"DDM274"
"3704",3874,"DDM275"
"3705",3875,"DDM276"
"3706",3876,"DDM277"
"3707",3877,"DDM278"
"3708",3878,"DDF279"
"3709",3879,"DDF280"
"3710",3880,"DDF281"
"3711",3881,"DDF282"
"3712",3882,"DDF283"
"3713",3883,"DDF284"
"3714",3884,"DDF285"
"3715",3885,"DDF286"
"3716",3886,"DDF287"
"3717",3887,"DDF288"
"3718",3888,"DDF289"
"3719",3889,"DDF290"
"3720",3890,"DDF291"
"3721",3891,"DDF292"
"3722",3892,"DDF293"
"3723",3893,"DDF294"
"3724",3894,"DDF295"
"3725",3895,"VYEM002"
"3726",3896,"VYEM003"
"3727",3897,"VYEM004"
"3728",3898,"VVHP121"
"3729",3899,"VVHM122"
"3730",3900,"VVHM123"
"3731",3901,"VTNF001"
"3732",3902,"VGDM001"
"3733",3903,"VBBU143"
"3734",3904,"VBBU144"
"3735",3905,"VBBU145"
"3736",3906,"VBBM146"
"3737",3907,"VBBM147"
"3738",3908,"VCRF001"
"3739",3909,"VHMM008"
"3740",3910,"VHMU009"
"3741",3911,"VHMF010"
"3742",3912,"VHMM011"
"3743",3913,"VYEF005"
"3744",3914,"VWM210"
"3745",3915,"VWU211"
"3746",3916,"VWF212"
"3747",3917,"VMPU009"
"3748",3918,"VMPU010"
"3749",3919,"VMPU011"
"3750",3920,"VMPU012"
"3751",3921,"VJXM106"
"3752",3922,"VJXU107"
"3753",3923,"VJXU108"
"3754",3924,"VJXU109"
"3755",3925,"VJXU110"
"3756",3926,"VJXU111"
"3757",3927,"VUBM015"
"3758",3928,"VUBM016"
"3759",3929,"VUBF017"
"3760",3930,"VVHM124"
"3761",3931,"VUBM018"
"3762",3932,"VZUF032"
"3763",3933,"VPRU001"
"3764",3934,"VPRU002"
"3765",3935,"VPRU003"
"3766",3936,"VBBU148"
"3767",3937,"VBBU149"
"3768",3938,"VBBU150"
"3769",3939,"VBBU151"
"3770",3940,"VBBU152"
"3771",3941,"VVHU125"
"3772",3942,"VCRM002"
"3773",3943,"VMPP013"
"3774",3944,"VCRU003"
"3775",3945,"VCRU004"
"3776",3946,"VCRU005"
"3777",3947,"VHMU012"
"3778",3948,"VHMU013"
"3779",3949,"VRUF001"
"3780",3950,"VRUU002"
"3781",3951,"VRUF003"
"3782",3952,"VRUM004"
"3783",3953,"VRUF005"
"3784",3954,"VBBM153"
"3785",3955,"VBBM154"
"3786",3956,"VBBM155"
"3787",3957,"VMPM014"
"3788",3958,"VMPM015"
"3789",3959,"VMPF016"
"3790",3960,"VMPM017"
"3791",3961,"VGDU002"
"3792",3962,"VLM239"
"3793",3963,"VLF240"
"3794",3964,"VLF241"
"3795",3965,"VLM242"
"3796",3966,"VLM243"
"3797",3967,"VFRU001"
"3798",3968,"VFRU002"
"3799",3969,"VFRM003"
"3800",3970,"VMPU018"
"3801",3971,"VZUM033"
"3802",3972,"VZUM034"
"3803",3973,"VBBU156"
"3804",3974,"VBBU157"
"3805",3975,"VMPF019"
"3806",3976,"VMPF020"
"3807",3977,"VVHF126"
"3808",3978,"VVHF127"
"3809",3979,"VVHM128"
"3810",3980,"VVHF129"
"3811",3981,"VVHF130"
"3812",3982,"VVHM131"
"3813",3983,"VJXF112"
"3814",3984,"VJXM113"
"3815",3985,"VJXM114"
"3816",3986,"VJXM115"
"3817",3987,"VWM213"
"3818",3988,"VWM214"
"3819",3989,"VWF215"
"3820",3990,"VWM216"
"3821",3991,"VWF217"
"3822",3992,"VBBF158"
"3823",3993,"VBBM159"
"3824",3994,"VBBM160"
"3825",3995,"VHMM014"
"3826",3996,"VHMF015"
"3827",3997,"VBBM161"
"3828",3998,"VHMM016"
"3829",3999,"VHMM017"
"3830",4000,"VUBF019"
"3831",4001,"VUBF020"
"3832",4002,"VUBM021"
"3833",4003,"VGDM003"
"3834",4004,"VHMU018"
"3835",4005,"VLF244"
"3836",4006,"VLM245"
"3837",4007,"VJXF116"
"3838",4008,"VJXF117"
"3839",4009,"VJXM118"
"3840",4010,"VJXU119"
"3841",4011,"VJXM120"
"3842",4012,"VRUM006"
"3843",4013,"VRUM007"
"3844",4014,"VRUM008"
"3845",4015,"VRUF009"
"3846",4016,"VLF246"
"3847",4017,"VLM247"
"3848",4018,"VLM248"
"3849",4019,"VECF001"
"3850",4020,"VECM002"
"3851",4021,"VECF003"
"3852",4022,"VWU218"
"3853",4023,"VWU219"
"3854",4024,"VHMF019"
"3855",4025,"VHMU020"
"3856",4026,"VHMM021"
"3857",4027,"VHMF022"
"3858",4028,"VHMM023"
"3859",4029,"VGDM004"
"3860",4030,"VHMU024"
"3861",4031,"VHMU025"
"3862",4032,"VHMU026"
"3863",4033,"VHMU027"
"3864",4034,"VHMU028"
"3865",4035,"VJXM121"
"3866",4036,"VJXM122"
"3867",4037,"VJXF123"
"3868",4038,"VJXF124"
"3869",4039,"VJXM125"
"3870",4040,"VJXM126"
"3871",4041,"VUBU022"
"3872",4042,"VWF220"
"3873",4043,"VWM221"
"3874",4044,"VWF222"
"3875",4045,"VWF223"
"3876",4046,"VWF224"
"3877",4047,"VMPU021"
"3878",4048,"VMPF022"
"3879",4049,"VMPU023"
"3880",4050,"VZUM035"
"3881",4051,"VZUM036"
"3882",4052,"VZUM037"
"3883",4053,"VECU004"
"3884",4054,"VECU005"
"3885",4055,"VECM006"
"3886",4056,"VECM007"
"3887",4057,"VECF008"
"3888",4058,"VNQU001"
"3889",4059,"VNQU002"
"3890",4060,"VNQU003"
"3891",4061,"VNQU004"
"3892",4062,"VNQU005"
"3893",4063,"VVHF132"
"3894",4064,"VVHF133"
"3895",4065,"VVHF134"
"3896",4066,"VVHM135"
"3897",4067,"VHMF029"
"3898",4068,"VHMF030"
"3899",4069,"VHMF031"
"3900",4070,"VHMM032"
"3901",4071,"VHMM033"
"3902",4072,"VWM225"
"3903",4073,"VWU226"
"3904",4074,"VWU227"
"3905",4075,"VZUU038"
"3906",4076,"VZUU039"
"3907",4077,"VZUU040"
"3908",4078,"VZUU041"
"3909",4079,"VUBF023"
"3910",4080,"VUBM024"
"3911",4081,"VUBM025"
"3912",4082,"VUBF026"
"3913",4083,"VLU249"
"3914",4084,"VLF250"
"3915",4085,"VLM251"
"3916",4086,"VLM252"
"3917",4087,"VLM253"
"3918",4088,"VLM254"
"3919",4089,"VRUU010"
"3920",4090,"VLF255"
"3921",4091,"VMPM024"
"3922",4092,"VMPF025"
"3923",4093,"VMPF026"
"3924",4094,"VMPM027"
"3925",4095,"VMPM028"
"3926",4096,"VMPF029"
"3927",4097,"VMPU030"
"3928",4098,"VTSM001"
"3929",4099,"VTSF002"
"3930",4100,"VNQM006"
"3931",4101,"VNQM007"
"3932",4102,"VCRP006"
"3933",4103,"VCRP007"
"3934",4104,"VZUU042"
"3935",4105,"VZUU043"
"3936",4106,"VZUU044"
"3937",4107,"VZUU045"
"3938",4108,"VZUU046"
"3939",4109,"VZUU047"
"3940",4110,"VJXF127"
"3941",4111,"VJXF128"
"3942",4112,"VJXF129"
"3943",4113,"VJXF130"
"3944",4114,"VJXM131"
"3945",4115,"VJXM132"
"3946",4116,"VNQM008"
"3947",4117,"VNQF009"
"3948",4118,"VNQM010"
"3949",4119,"VNQF011"
"3950",4120,"VCRM008"
"3951",4121,"VCRF009"
"3952",4122,"VECM009"
"3953",4123,"VECM010"
"3954",4124,"VECM011"
"3955",4125,"VZUF048"
"3956",4126,"VZUF049"
"3957",4127,"VCRM010"
"3958",4128,"VWU228"
"3959",4129,"VWU229"
"3960",4130,"VWF230"
"3961",4131,"VMPM031"
"3962",4132,"VMPM032"
"3963",4133,"VMPU033"
"3964",4134,"VVHM136"
"3965",4135,"VHMM034"
"3966",4136,"VHMF035"
"3967",4137,"VHMM036"
"3968",4138,"VHMF037"
"3969",4139,"VTSF003"
"3970",4140,"VTSM004"
"3971",4141,"VTSF005"
"3972",4142,"VGDF005"
"3973",4143,"VGDM006"
"3974",4144,"VGDF007"
"3975",4145,"VWF231"
"3976",4146,"VWM232"
"3977",4147,"VWM233"
"3978",4148,"VLU256"
"3979",4149,"VGDM008"
"3980",4150,"VZUM050"
"3981",4151,"VJXM133"
"3982",4152,"VJXU134"
"3983",4153,"VJXF135"
"3984",4154,"VJXU136"
"3985",4155,"VWM234"
"3986",4156,"VWF235"
"3987",4157,"VMPM034"
"3988",4158,"VMPF035"
"3989",4159,"VMPM036"
"3990",4160,"VMPM037"
"3991",4161,"VMPF038"
"3992",4162,"VNQM012"
"3993",4163,"VNQF013"
"3994",4164,"VNQF014"
"3995",4165,"VNQU015"
"3996",4166,"VECF012"
"3997",4167,"VECM013"
"3998",4168,"VECM014"
"3999",4169,"VECM015"
"4000",4170,"VECM016"
"4001",4171,"VUBF027"
"4002",4172,"VUBF028"
"4003",4173,"VLM257"
"4004",4174,"VUBM029"
"4005",4175,"VUBM030"
"4006",4176,"VLM258"
"4007",4177,"VLU259"
"4008",4178,"VLU260"
"4009",4179,"VLM261"
"4010",4180,"VUBM031"
"4011",4181,"VJXM137"
"4012",4182,"VJXM138"
"4013",4183,"VJXM139"
"4014",4184,"VJXM140"
"4015",4185,"ZZVU166"
"4016",4186,"ZZVU238"
"4017",4187,"VHMF038"
"4018",4188,"VHMF039"
"4019",4189,"VHMF040"
"4020",4190,"VHMM041"
"4021",4191,"VTSM006"
"4022",4192,"VGDF009"
"4023",4193,"VGDM010"
"4024",4194,"VTSM007"
"4025",4195,"VTSM008"
"4026",4196,"VTSF009"
"4027",4197,"ZZVF239"
"4028",4198,"ZZVM240"
"4029",4199,"ZZVU241"
"4030",4200,"ZZVU242"
"4031",4201,"ZZVU243"
"4032",4202,"ZZVM244"
"4033",4203,"ZZVU245"
"4034",4204,"ZZVU246"
"4035",4205,"ZZVU247"
"4036",4206,"ZZVU249"
"4037",4207,"ZZVU248"
"4038",4208,"ZZVM250"
"4039",4209,"ZZVM251"
"4040",4210,"ZZVU252"
"4041",4211,"ZZVU253"
"4042",4212,"VNQF016"
"4043",4213,"VMPU039"
"4044",4214,"VMPU040"
"4045",4215,"VWF236"
"4046",4216,"VWF237"
"4047",4217,"VWF238"
"4048",4218,"VMPU041"
"4049",4219,"VMPU042"
"4050",4220,"VGDM011"
"4051",4221,"VMPP043"
"4052",4222,"VMPU044"
"4053",4223,"VTSM010"
"4054",4224,"VTSM011"
"4055",4225,"VTSM012"
"4056",4226,"VTSM013"
"4057",4227,"VTSM014"
"4058",4228,"VTSM015"
"4059",4229,"VTSF016"
"4060",4230,"VTSM017"
"4061",4231,"VCRM011"
"4062",4232,"VECM017"
"4063",4233,"VECU018"
"4064",4234,"VECF019"
"4065",4235,"VECF020"
"4066",4236,"VCRF012"
"4067",4237,"VLU262"
"4068",4238,"VLM263"
"4069",4239,"VLM264"
"4070",4240,"VZUF051"
"4071",4241,"VZUF052"
"4072",4242,"VZUM053"
"4073",4243,"VZUF054"
"4074",4244,"DDM296"
"4075",4245,"DDM297"
"4076",4246,"DDM298"
"4077",4247,"DDM299"
"4078",4248,"DDM300"
"4079",4249,"DDM301"
"4080",4250,"DDM302"
"4081",4251,"DDM303"
"4082",4252,"DDM304"
"4083",4253,"DDF305"
"4084",4254,"DDF306"
"4085",4255,"DDF307"
"4086",4256,"DDM308"
"4087",4257,"DDM309"
"4088",4258,"DDM310"
"4089",4259,"DDM311"
"4090",4260,"DDF312"
"4091",4261,"DDF313"
"4092",4262,"DDF314"
"4093",4263,"DDM315"
"4094",4264,"DDM316"
"4095",4265,"DDM317"
"4096",4266,"DDM318"
"4097",4267,"DDM319"
"4098",4268,"DDM320"
"4099",4269,"DDF321"
"4100",4270,"DDF322"
"4101",4271,"DDF323"
"4102",4272,"VLM265"
"4103",4273,"VTSM018"
"4104",4274,"VZUU055"
"4105",4275,"VZUM056"
"4106",4276,"VZUM057"
"4107",4277,"VZUU058"
"4108",4278,"VZUM059"
"4109",4279,"VCRF013"
"4110",4280,"VLM266"
"4111",4281,"VTSM019"
"4112",4282,"VNQF017"
"4113",4283,"VNQM018"
"4114",4284,"VNQM019"
"4115",4285,"VNQF020"
"4116",4286,"VNQM021"
"4117",4287,"VGDF012"
"4118",4288,"VGDF013"
"4119",4289,"VUBM032"
"4120",4290,"VUBM033"
"4121",4291,"VUBU034"
"4122",4292,"VUBF035"
"4123",4293,"VECU021"
"4124",4294,"VMPM045"
"4125",4295,"VMPM046"
"4126",4296,"VMPF047"
"4127",4297,"VMPF048"
"4128",4298,"VMPM049"
"4129",4299,"VUBM036"
"4130",4300,"VECM022"
"4131",4301,"VECM023"
"4132",4302,"VECM024"
"4133",4303,"VECM025"
"4134",4304,"VECF026"
"4135",4305,"VECF027"
"4136",4306,"VECF028"
"4137",4307,"VECU029"
"4138",4308,"VECM030"
"4139",4309,"VECM031"
"4140",4310,"VJXF141"
"4141",4311,"VJXM142"
"4142",4312,"VJXF143"
"4143",4313,"VGDM014"
"4144",4314,"VGDM015"
"4145",4315,"VECF032"
"4146",4316,"VGDM016"
"4147",4317,"VGDU017"
"4148",4318,"VLM267"
"4149",4319,"VLM268"
"4150",4320,"VLM269"
"4151",4321,"VLU270"
"4152",4322,"VLM271"
"4153",4323,"VHMU042"
"4154",4324,"VHMU043"
"4155",4325,"VHMU044"
"4156",4326,"VHMU045"
"4157",4327,"VZUU060"
"4158",4328,"VZUM061"
"4159",4329,"VPHF001"
"4160",4330,"VWM239"
"4161",4331,"VWM240"
"4162",4332,"VWM241"
"4163",4333,"VTSF020"
"4164",4334,"VTSM021"
"4165",4335,"VTSM022"
"4166",4336,"VCRF014"
"4167",4337,"VCRU015"
"4168",4338,"VCRU016"
"4169",4339,"VGDF018"
"4170",4340,"VAKU001"
"4171",4341,"VHMM046"
"4172",4342,"VHMM047"
"4173",4343,"VHMM048"
"4174",4344,"VHMF049"
"4175",4345,"VJXM144"
"4176",4346,"VJXF145"
"4177",4347,"VJXM146"
"4178",4348,"VJXF147"
"4179",4349,"VJXF148"
"4180",4350,"VECM033"
"4181",4351,"VECM034"
"4182",4352,"VMPF050"
"4183",4353,"VMPF051"
"4184",4354,"VECF035"
"4185",4355,"VMPM052"
"4186",4356,"VMPM053"
"4187",4357,"VMPF054"
"4188",4358,"VECF036"
"4189",4359,"VWU242"
"4190",4360,"VGDF019"
"4191",4361,"VGDF020"
"4192",4362,"VGDF021"
"4193",4363,"VWF243"
"4194",4364,"VGDF022"
"4195",4365,"VGDF023"
"4196",4366,"VWF244"
"4197",4367,"VWM245"
"4198",4368,"VLF272"
"4199",4369,"VLM273"
"4200",4370,"VUBF037"
"4201",4371,"VUBM038"
"4202",4372,"VUBF039"
"4203",4373,"VUBF040"
"4204",4374,"VHMM050"
"4205",4375,"VHMF051"
"4206",4376,"VHMF052"
"4207",4377,"VHMF053"
"4208",4378,"VHMM054"
"4209",4379,"VJXF149"
"4210",4380,"VZUF062"
"4211",4381,"VZUM063"
"4212",4382,"VZUM064"
"4213",4383,"VJXF150"
"4214",4384,"VJXF151"
"4215",4385,"VJXM152"
"4216",4386,"VJXM153"
"4217",4387,"VJXM154"
"4218",4388,"VNQU022"
"4219",4389,"VNQU023"
"4220",4390,"VNQU024"
"4221",4391,"VMPF055"
"4222",4392,"VMPM056"
"4223",4393,"VMPF057"
"4224",4394,"VMPF058"
"4225",4395,"VMPM059"
"4226",4396,"VMPF060"
"4227",4397,"VWU246"
"4228",4398,"ZZVU255"
"4229",4399,"VMPF061"
"4230",4400,"VRWM001"
"4231",4401,"VRWF002"
"4232",4402,"VRWF003"
"4233",4403,"VRWF004"
"4234",4404,"VRWM005"
"4235",4405,"VRWM006"
"4236",4406,"VTDF001"
"4237",4407,"VTDU002"
"4238",4408,"VTDU003"
"4239",4409,"VTDU004"
"4240",4410,"VGDU024"
"4241",4411,"VRWM007"
"4242",4412,"VUBM041"
"4243",4413,"VUBM042"
"4244",4414,"VUBF043"
"4245",4415,"VUBF044"
"4246",4416,"ZZVU254"
"4247",4417,"VLF274"
"4248",4418,"VLM275"
"4249",4419,"VLM276"
"4250",4420,"VLM277"
"4251",4421,"VLF278"
"4252",4422,"VGDU025"
"4253",4423,"VGDF026"
"4254",4424,"VGDM027"
"4255",4425,"VGDM028"
"4256",4426,"VGDF029"
"4257",4427,"VGDM030"
"4258",4428,"VGDF031"
"4259",4429,"VGDM032"
"4260",4430,"VGDF033"
"4261",4431,"VGDM034"
"4262",4432,"VNQF025"
"4263",4433,"VNQU026"
"4264",4434,"VNQF027"
"4265",4435,"VNQM028"
"4266",4436,"VNQM029"
"4267",4437,"VUNKM001"
"4268",4438,"VWF247"
"4269",4439,"VWM248"
"4270",4440,"VWM249"
"4271",4441,"VWF250"
"4272",4442,"VWF251"
"4273",4443,"VUNKM002"
"4274",4444,"VTDM005"
"4275",4445,"VTDF006"
"4276",4446,"VTDM007"
"4277",4447,"VTDM008"
"4278",4448,"VTDF009"
"4279",4449,"ZZVM256"
"4280",4450,"VSIM001"
"4281",4451,"VSIF002"
"4282",4452,"VSIF003"
"4283",4453,"VSIF004"
"4284",4454,"VPHM002"
"4285",4455,"VSIF005"
"4286",4456,"VSIM006"
"4287",4457,"VJXM155"
"4288",4458,"VJXM156"
"4289",4459,"VECP037"
"4290",4460,"VECF038"
"4291",4461,"VECF039"
"4292",4462,"ZZVF257"
"4293",4463,"VJXM157"
"4294",4464,"VJXF158"
"4295",4465,"VRWF008"
"4296",4466,"VECM040"
"4297",4467,"VJXM159"
"4298",4468,"VECM041"
"4299",4469,"VTDF010"
"4300",4470,"VTDF011"
"4301",4471,"VHMP055"
"4302",4472,"VHMP056"
"4303",4473,"VECM042"
"4304",4474,"VLP279"
"4305",4475,"VLP280"
"4306",4476,"VLP281"
"4307",4477,"VSIP007"
"4308",4478,"VSIP008"
"4309",4479,"VSIP009"
"4310",4480,"VECU043"
"4311",4481,"VECU044"
"4312",4482,"VECU045"
"4313",4483,"VLM282"
"4314",4484,"VLF283"
"4315",4485,"VLF284"
"4316",4486,"VLF285"
"4317",4487,"VGDU035"
"4318",4488,"VGDU036"
"4319",4489,"VGDU037"
"4320",4490,"VSIF010"
"4321",4491,"VNQM030"
"4322",4492,"VNQF031"
"4323",4493,"VNQF032"
"4324",4494,"VNQF033"
"4325",4495,"VECM046"
"4326",4496,"VECM047"
"4327",4497,"VECM048"
"4328",4498,"VECM049"
"4329",4499,"VSIF011"
"4330",4500,"VSIM012"
"4331",4501,"VRWM009"
"4332",4502,"VRWF010"
"4333",4503,"VRWF011"
"4334",4504,"VJXF160"
"4335",4505,"VJXM161"
"4336",4506,"VJXM162"
"4337",4507,"VJXF163"
"4338",4508,"VJXM164"
"4339",4509,"VHMM057"
"4340",4510,"VHMM058"
"4341",4511,"VHMM059"
"4342",4512,"VHMF060"
"4343",4513,"VUBM045"
"4344",4514,"VUBM046"
"4345",4515,"VZUU065"
"4346",4516,"VZUM066"
"4347",4517,"VUBM047"
"4348",4518,"VUBM048"
"4349",4519,"VUBF049"
"4350",4520,"VMPP062"
"4351",4521,"VMPF063"
"4352",4522,"VMPM064"
"4353",4523,"VMPF065"
"4354",4524,"VMPM066"
"4355",4525,"VMPM067"
"4356",4526,"VUBM050"
"4357",4527,"VUBF051"
"4358",4528,"VUBF052"
"4359",4529,"VUBM053"
"4360",4530,"VUBM054"
"4361",4531,"VUBM055"
"4362",4532,"VUBU056"
"4363",4533,"VUBU057"
"4364",4534,"VBSF001"
"4365",4535,"VBSF002"
"4366",4536,"VBSM003"
"4367",4537,"VBSF004"
"4368",4538,"VBSM005"
"4369",4539,"VTDM012"
"4370",4540,"VTDM013"
"4371",4541,"VTDM014"
"4372",4542,"VTDM015"
"4373",4543,"VTDF016"
"4374",4544,"VTDM017"
"4375",4545,"VTDF018"
"4376",4546,"VTDF019"
"4377",4547,"VTDF020"
"4378",4548,"VTDF021"
"4379",4549,"VALF001"
"4380",4550,"VALF002"
"4381",4551,"VALF003"
"4382",4552,"VALM004"
"4383",4553,"VALF005"
"4384",4554,"VALF006"
"4385",4555,"VLM286"
"4386",4556,"VLM287"
"4387",4557,"VLF288"
"4388",4558,"VLF289"
"4389",4559,"VLM290"
"4390",4560,"VLM291"
"4391",4561,"VNQF034"
"4392",4562,"VNQM035"
"4393",4563,"VNQF036"
"4394",4564,"VNQM037"
"4395",4565,"VWU252"
"4396",4566,"VWM253"
"4397",4567,"VWM254"
"4398",4568,"VRWM012"
"4399",4569,"VHMP061"
"4400",4570,"VHMP062"
"4401",4571,"VHMP063"
"4402",4572,"VHMP064"
"4403",4573,"VRWF013"
"4404",4574,"VRWF014"
"4405",4575,"VWM255"
"4406",4576,"VWF256"
"4407",4577,"VWM257"
"4408",4578,"VSIF013"
"4409",4579,"VSIM014"
"4410",4580,"VSIM015"
"4411",4581,"VRWM015"
"4412",4582,"VRWF016"
"4413",4583,"VGDM038"
"4414",4584,"VGDF039"
"4415",4585,"VGDF040"
"4416",4586,"VJXM165"
"4417",4587,"VJXM166"
"4418",4588,"VGDM041"
"4419",4589,"VJXF167"
"4420",4590,"VGDF042"
"4421",4591,"VMPU068"
"4422",4592,"VMPP069"
"4423",4593,"VMPP070"
"4424",4594,"VMPP071"
"4425",4595,"VMPU072"
"4426",4596,"VMPM073"
"4427",4597,"VMPP074"
"4428",4598,"VMPU075"
"4429",4599,"VMPU076"
"4430",4600,"VMPU077"
"4431",4601,"VMPU078"
"4432",4602,"VZUM067"
"4433",4603,"VMPU079"
"4434",4604,"VMPU080"
"4435",4605,"VMPU081"
"4436",4606,"VZUM068"
"4437",4607,"VMPU082"
"4438",4608,"VJXM168"
"4439",4609,"VJXU169"
"4440",4610,"VJXM170"
"4441",4611,"VJXF171"
"4442",4612,"VJXF172"
"4443",4613,"VJXF173"
